email,name,company,company_normalized,role_title,contact_type,confidence,in_scout_list,source_id,source_url,country,target_internship_year,target_season,notes,fetched_at
kirondeb02@gmail.com,,,,,unknown,scraped_personal,False,github:recruiter-emailing-script,script.py,,2027,Summer 2027,"# to_email = ""kirondeb02@gmail.com""",2026-07-05T06:23:24+00:00
rohitkuyada@gmail.com,,,,,unknown,scraped_personal,False,web:devblogger_hr_500,https://www.devblogger.in/blogs/hr-email-directory-top-500-indian-companies,,2027,Summer 2027,""">Rohit Kumar Yadav</span></a></div></div></div></header></div><div><article class=""prose max-w-none prose-sm sm:prose-base lg:prose-lg prose-headings:text-gray-800 prose-p:text-gray-600 prose-a:text-blue-600 prose-strong:text-black prose-c",2026-07-05T06:23:24+00:00
tarek.heiba@amd.com,,AMD,amd,,recruiter,scraped_personal,True,local:hr_email_csv,local:hr_email_csv,India,2027,Summer 2027,hr_csv_scout_domain_match,2026-06-25T08:20:32+00:00
nagi.absi@airbus.com,,Airbus,airbus,,recruiter,scraped_personal,True,local:hr_email_csv,local:hr_email_csv,India,2027,Summer 2027,hr_csv_scout_domain_match,2026-06-25T08:20:32+00:00
paul.moultrie@airbus.com,,Airbus,airbus,,recruiter,scraped_personal,True,local:hr_email_csv,local:hr_email_csv,India,2027,Summer 2027,hr_csv_scout_domain_match,2026-06-25T08:20:32+00:00
ashley.womack@alation.com,,Alation,alation,,recruiter,scraped_personal,True,discover:career_portal,https://www.alation.com/careers,India,2027,Summer 2027,career_portal_scrape,2026-06-25T08:13:11+00:00
ask.campus.emea@aexp.com,,American Express,americanexpress,,recruiter,scraped_personal,True,discover:career_portal,https://www.americanexpress.com/en-us/careers/,India,2027,Summer 2027,career_portal_scrape,2026-06-25T08:13:11+00:00
recruitment.support.americas@aexp.com,,American Express,americanexpress,,recruiter,scraped_personal,True,discover:career_portal,https://www.americanexpress.com/en-us/careers/,India,2027,Summer 2027,career_portal_scrape,2026-06-25T08:13:11+00:00
recruitment.support.apac@aexp.com,,American Express,americanexpress,,recruiter,scraped_personal,True,discover:career_portal,https://www.americanexpress.com/en-us/careers/,India,2027,Summer 2027,career_portal_scrape,2026-06-25T08:13:11+00:00
recruitment.support.emea@aexp.com,,American Express,americanexpress,,recruiter,scraped_personal,True,discover:career_portal,https://www.americanexpress.com/en-us/careers/,India,2027,Summer 2027,career_portal_scrape,2026-06-25T08:13:11+00:00
recruitment.support.india@aexp.com,,American Express,americanexpress,,recruiter,scraped_personal,True,discover:career_portal,https://www.americanexpress.com/en-us/careers/,India,2027,Summer 2027,career_portal_scrape,2026-06-25T08:13:11+00:00
ia.po@angelone.in,,Angel One,angelone,,recruiter,scraped_personal,True,discover:career_portal,https://www.angelone.in/contact-us,India,2027,Summer 2027,career_portal_scrape,2026-06-25T08:13:11+00:00
ra.po@angelone.in,,Angel One,angelone,,recruiter,scraped_personal,True,discover:career_portal,https://www.angelone.in/contact-us,India,2027,Summer 2027,career_portal_scrape,2026-06-25T08:13:11+00:00
u003eia.po@angelone.in,,Angel One,angelone,,recruiter,scraped_personal,True,discover:career_portal,https://www.angelone.in/contact-us,India,2027,Summer 2027,career_portal_scrape,2026-06-25T08:13:11+00:00
u003era.po@angelone.in,,Angel One,angelone,,recruiter,scraped_personal,True,discover:career_portal,https://www.angelone.in/contact-us,India,2027,Summer 2027,career_portal_scrape,2026-06-25T08:13:11+00:00
kavita.gokulchand@arm.com,,Arm,arm,,recruiter,scraped_personal,True,local:hr_email_csv,local:hr_email_csv,India,2027,Summer 2027,hr_csv_scout_domain_match,2026-06-25T08:20:32+00:00
dinesh.bhardwaj@ashokleyland.com,,Ashok Leyland,ashokleyland,,recruiter,scraped_personal,True,local:hr_email_csv,local:hr_email_csv,India,2027,Summer 2027,hr_csv_scout_domain_match,2026-06-25T08:20:32+00:00
ahmad.al.jassim@autodesk.com,,Autodesk,autodesk,,recruiter,scraped_personal,True,local:hr_email_csv,local:hr_email_csv,India,2027,Summer 2027,hr_csv_scout_domain_match,2026-06-25T08:20:32+00:00
manish.bhardwaj@autodesk.com,,Autodesk,autodesk,,recruiter,scraped_personal,True,local:hr_email_csv,local:hr_email_csv,India,2027,Summer 2027,hr_csv_scout_domain_match,2026-06-25T08:20:32+00:00
mohamed.kamel@eur.autodesk.com,,Autodesk,autodesk,,recruiter,scraped_personal,True,local:hr_email_csv,local:hr_email_csv,India,2027,Summer 2027,hr_csv_scout_domain_match,2026-06-25T08:20:32+00:00
dale.straub@bakerhughes.com,,BAKER HUGHES,bakerhughes,,recruiter,scraped_personal,True,local:hr_email_csv,local:hr_email_csv,India,2027,Summer 2027,hr_csv_scout_domain_match,2026-06-25T08:20:32+00:00
erum.ali@bakerhughes.com,,BAKER HUGHES,bakerhughes,,recruiter,scraped_personal,True,local:hr_email_csv,local:hr_email_csv,India,2027,Summer 2027,hr_csv_scout_domain_match,2026-06-25T08:20:32+00:00
jan.willems@bakerhughes.com,,BAKER HUGHES,bakerhughes,,recruiter,scraped_personal,True,local:hr_email_csv,local:hr_email_csv,India,2027,Summer 2027,hr_csv_scout_domain_match,2026-06-25T08:20:32+00:00
luc.bolle@bakerhughes.com,,BAKER HUGHES,bakerhughes,,recruiter,scraped_personal,True,local:hr_email_csv,local:hr_email_csv,India,2027,Summer 2027,hr_csv_scout_domain_match,2026-06-25T08:20:32+00:00
niall.mclaughlin@bakerhughes.com,,BAKER HUGHES,bakerhughes,,recruiter,scraped_personal,True,local:hr_email_csv,local:hr_email_csv,India,2027,Summer 2027,hr_csv_scout_domain_match,2026-06-25T08:20:32+00:00
oasis.middleeast@bakerhughes.com,,BAKER HUGHES,bakerhughes,,recruiter,scraped_personal,True,local:hr_email_csv,local:hr_email_csv,India,2027,Summer 2027,hr_csv_scout_domain_match,2026-06-25T08:20:32+00:00
r.kewley@bakerhughes.com,,BAKER HUGHES,bakerhughes,,recruiter,scraped_personal,True,local:hr_email_csv,local:hr_email_csv,India,2027,Summer 2027,hr_csv_scout_domain_match,2026-06-25T08:20:32+00:00
ziad.kaddoura@bain.com,,Bain & Company,baincompany,,recruiter,scraped_personal,True,local:hr_email_csv,local:hr_email_csv,India,2027,Summer 2027,hr_csv_scout_domain_match,2026-06-25T08:20:32+00:00
darren.p.rickards@bankofamerica.com,,Bank of America,bankofamerica,,recruiter,scraped_personal,True,local:hr_email_csv,local:hr_email_csv,India,2027,Summer 2027,hr_csv_scout_domain_match,2026-06-25T08:20:32+00:00
mayank.jain@birlasoft.com,,Birlasoft,birlasoft,,recruiter,scraped_personal,True,local:hr_email_csv,local:hr_email_csv,India,2027,Summer 2027,hr_csv_scout_domain_match,2026-06-25T08:20:32+00:00
basma.allouh@booking.com,,Booking.com,bookingcom,,recruiter,scraped_personal,True,local:hr_email_csv,local:hr_email_csv,India,2027,Summer 2027,hr_csv_scout_domain_match,2026-06-25T08:20:32+00:00
ewers.bjoern@bcg.com,,Boston Consulting Group,bostonconsultinggroup,,recruiter,scraped_personal,True,local:hr_email_csv,local:hr_email_csv,India,2027,Summer 2027,hr_csv_scout_domain_match,2026-06-25T08:20:32+00:00
contact.community@cdprojektred.com,,CD Projekt Red,cdprojektred,,recruiter,scraped_personal,True,discover:career_portal,https://cdprojektred.com/careers,India,2027,Summer 2027,career_portal_scrape,2026-06-25T11:53:07+00:00
gursharan.kaur@cars24.com,,Cars24,cars24,,recruiter,scraped_personal,True,web:substack_verified,https://atozplacementkit.substack.com/p/hr-emails-of-50-companies,India,2027,Summer 2027,web_directory_mx_verified,2026-06-25T07:51:04+00:00
mahima.jain@cars24.com,,Cars24,cars24,,recruiter,scraped_personal,True,web:substack_verified,https://atozplacementkit.substack.com/p/hr-emails-of-50-companies,India,2027,Summer 2027,web_directory_mx_verified,2026-06-25T07:51:04+00:00
swapnil.mishra@cars24.com,,Cars24,cars24,,recruiter,scraped_personal,True,web:substack_verified,https://atozplacementkit.substack.com/p/hr-emails-of-50-companies,India,2027,Summer 2027,web_directory_mx_verified,2026-06-25T07:51:04+00:00
alireza.vahabzadeh@citi.com,,Citi Bank,citibank,,recruiter,scraped_personal,True,local:hr_email_csv,local:hr_email_csv,India,2027,Summer 2027,hr_csv_scout_domain_match,2026-06-25T08:20:32+00:00
hamid.hafidh@citi.com,,Citi Bank,citibank,,recruiter,scraped_personal,True,local:hr_email_csv,local:hr_email_csv,India,2027,Summer 2027,hr_csv_scout_domain_match,2026-06-25T08:20:32+00:00
imane.haddouch@citi.com,,Citi Bank,citibank,,recruiter,scraped_personal,True,local:hr_email_csv,local:hr_email_csv,India,2027,Summer 2027,hr_csv_scout_domain_match,2026-06-25T08:20:32+00:00
mahmood.alasfoor@citi.com,,Citi Bank,citibank,,recruiter,scraped_personal,True,local:hr_email_csv,local:hr_email_csv,India,2027,Summer 2027,hr_csv_scout_domain_match,2026-06-25T08:20:32+00:00
mohammed.ismail@citi.com,,Citi Bank,citibank,,recruiter,scraped_personal,True,local:hr_email_csv,local:hr_email_csv,India,2027,Summer 2027,hr_csv_scout_domain_match,2026-06-25T08:20:32+00:00
mohanad.alborno@citi.com,,Citi Bank,citibank,,recruiter,scraped_personal,True,local:hr_email_csv,local:hr_email_csv,India,2027,Summer 2027,hr_csv_scout_domain_match,2026-06-25T08:20:32+00:00
ranit.sharma@citi.com,,Citi Bank,citibank,,recruiter,scraped_personal,True,local:hr_email_csv,local:hr_email_csv,India,2027,Summer 2027,hr_csv_scout_domain_match,2026-06-25T08:20:32+00:00
richard.street@citi.com,,Citi Bank,citibank,,recruiter,scraped_personal,True,local:hr_email_csv,local:hr_email_csv,India,2027,Summer 2027,hr_csv_scout_domain_match,2026-06-25T08:20:32+00:00
rw.rajesh.singh@citi.com,,Citi Bank,citibank,,recruiter,scraped_personal,True,local:hr_email_csv,local:hr_email_csv,India,2027,Summer 2027,hr_csv_scout_domain_match,2026-06-25T08:20:32+00:00
sanjeev.mehta@citi.com,,Citi Bank,citibank,,recruiter,scraped_personal,True,local:hr_email_csv,local:hr_email_csv,India,2027,Summer 2027,hr_csv_scout_domain_match,2026-06-25T08:20:32+00:00
simon.fernandes@citi.com,,Citi Bank,citibank,,recruiter,scraped_personal,True,local:hr_email_csv,local:hr_email_csv,India,2027,Summer 2027,hr_csv_scout_domain_match,2026-06-25T08:20:32+00:00
supratim.chatterjee@citi.com,,Citi Bank,citibank,,recruiter,scraped_personal,True,local:hr_email_csv,local:hr_email_csv,India,2027,Summer 2027,hr_csv_scout_domain_match,2026-06-25T08:20:32+00:00
surendra.bardia@citi.com,,Citi Bank,citibank,,recruiter,scraped_personal,True,local:hr_email_csv,local:hr_email_csv,India,2027,Summer 2027,hr_csv_scout_domain_match,2026-06-25T08:20:32+00:00
vikas.duggal@citi.com,,Citi Bank,citibank,,recruiter,scraped_personal,True,local:hr_email_csv,local:hr_email_csv,India,2027,Summer 2027,hr_csv_scout_domain_match,2026-06-25T08:20:32+00:00
aire.hanagata@concentrix.com,,Concentrix,concentrix,,recruiter,scraped_personal,True,discover:career_portal,https://www.concentrix.com/careers,India,2027,Summer 2027,career_portal_scrape,2026-06-25T08:13:11+00:00
alessandra.boreggio@concentrix.com,,Concentrix,concentrix,,recruiter,scraped_personal,True,discover:career_portal,https://www.concentrix.com/careers,India,2027,Summer 2027,career_portal_scrape,2026-06-25T08:13:11+00:00
amara.v@concentrix.com,,Concentrix,concentrix,,recruiter,scraped_personal,True,discover:career_portal,https://www.concentrix.com/careers,India,2027,Summer 2027,career_portal_scrape,2026-06-25T08:13:11+00:00
ana.tkemaladze@concentrix.com,,Concentrix,concentrix,,recruiter,scraped_personal,True,discover:career_portal,https://www.concentrix.com/careers,India,2027,Summer 2027,career_portal_scrape,2026-06-25T08:13:11+00:00
angie.brummer@concentrix.com,,Concentrix,concentrix,,recruiter,scraped_personal,True,discover:career_portal,https://www.concentrix.com/careers,India,2027,Summer 2027,career_portal_scrape,2026-06-25T08:13:11+00:00
anitha.ravisankar@concentrix.com,,Concentrix,concentrix,,recruiter,scraped_personal,True,discover:career_portal,https://www.concentrix.com/careers,India,2027,Summer 2027,career_portal_scrape,2026-06-25T08:13:11+00:00
app.acco@concentrix.com,,Concentrix,concentrix,,recruiter,scraped_personal,True,discover:career_portal,https://www.concentrix.com/careers,India,2027,Summer 2027,career_portal_scrape,2026-06-25T08:13:11+00:00
asad.khan@concentrix.com,,Concentrix,concentrix,,recruiter,scraped_personal,True,discover:career_portal,https://www.concentrix.com/careers,India,2027,Summer 2027,career_portal_scrape,2026-06-25T08:13:11+00:00
beatriz.bogantes@concentrix.com,,Concentrix,concentrix,,recruiter,scraped_personal,True,discover:career_portal,https://www.concentrix.com/careers,India,2027,Summer 2027,career_portal_scrape,2026-06-25T08:13:11+00:00
bosco.sanchez@concentrix.com,,Concentrix,concentrix,,recruiter,scraped_personal,True,discover:career_portal,https://www.concentrix.com/careers,India,2027,Summer 2027,career_portal_scrape,2026-06-25T08:13:11+00:00
britney.sampson@concentrix.com,,Concentrix,concentrix,,recruiter,scraped_personal,True,discover:career_portal,https://www.concentrix.com/careers,India,2027,Summer 2027,career_portal_scrape,2026-06-25T08:13:11+00:00
carla.zambelli@concentrix.com,,Concentrix,concentrix,,recruiter,scraped_personal,True,discover:career_portal,https://www.concentrix.com/careers,India,2027,Summer 2027,career_portal_scrape,2026-06-25T08:13:11+00:00
damaris.sanchez@concentrix.com,,Concentrix,concentrix,,recruiter,scraped_personal,True,discover:career_portal,https://www.concentrix.com/careers,India,2027,Summer 2027,career_portal_scrape,2026-06-25T08:13:11+00:00
edgardo.palacios@concentrix.com,,Concentrix,concentrix,,recruiter,scraped_personal,True,discover:career_portal,https://www.concentrix.com/careers,India,2027,Summer 2027,career_portal_scrape,2026-06-25T08:13:11+00:00
edite.piresdasilva@concentrix.com,,Concentrix,concentrix,,recruiter,scraped_personal,True,discover:career_portal,https://www.concentrix.com/careers,India,2027,Summer 2027,career_portal_scrape,2026-06-25T08:13:11+00:00
greciamartina.colmenaresdegamez@concentrix.com,,Concentrix,concentrix,,recruiter,scraped_personal,True,discover:career_portal,https://www.concentrix.com/careers,India,2027,Summer 2027,career_portal_scrape,2026-06-25T08:13:11+00:00
hadeel.alrawashdeh@concentrix.com,,Concentrix,concentrix,,recruiter,scraped_personal,True,discover:career_portal,https://www.concentrix.com/careers,India,2027,Summer 2027,career_portal_scrape,2026-06-25T08:13:11+00:00
hernanluis.glikin@concentrix.com,,Concentrix,concentrix,,recruiter,scraped_personal,True,discover:career_portal,https://www.concentrix.com/careers,India,2027,Summer 2027,career_portal_scrape,2026-06-25T08:13:11+00:00
jeevaraj.jeevaraj@concentrix.com,,Concentrix,concentrix,,recruiter,scraped_personal,True,discover:career_portal,https://www.concentrix.com/careers,India,2027,Summer 2027,career_portal_scrape,2026-06-25T08:13:11+00:00
jenelyn.bumatay@concentrix.com,,Concentrix,concentrix,,recruiter,scraped_personal,True,discover:career_portal,https://www.concentrix.com/careers,India,2027,Summer 2027,career_portal_scrape,2026-06-25T08:13:11+00:00
jeraldinecharisse.valdez@concentrix.com,,Concentrix,concentrix,,recruiter,scraped_personal,True,discover:career_portal,https://www.concentrix.com/careers,India,2027,Summer 2027,career_portal_scrape,2026-06-25T08:13:11+00:00
jose.amaya1@concentrix.com,,Concentrix,concentrix,,recruiter,scraped_personal,True,discover:career_portal,https://www.concentrix.com/careers,India,2027,Summer 2027,career_portal_scrape,2026-06-25T08:13:11+00:00
karan.chhabra@concentrix.com,,Concentrix,concentrix,,recruiter,scraped_personal,True,discover:career_portal,https://www.concentrix.com/careers,India,2027,Summer 2027,career_portal_scrape,2026-06-25T08:13:11+00:00
kensuke.suzuki@concentrix.com,,Concentrix,concentrix,,recruiter,scraped_personal,True,discover:career_portal,https://www.concentrix.com/careers,India,2027,Summer 2027,career_portal_scrape,2026-06-25T08:13:11+00:00
khaja.mohammed@concentrix.com,,Concentrix,concentrix,,recruiter,scraped_personal,True,discover:career_portal,https://www.concentrix.com/careers,India,2027,Summer 2027,career_portal_scrape,2026-06-25T08:13:11+00:00
kumiko.jester@concentrix.com,,Concentrix,concentrix,,recruiter,scraped_personal,True,discover:career_portal,https://www.concentrix.com/careers,India,2027,Summer 2027,career_portal_scrape,2026-06-25T08:13:11+00:00
laura.biederman@concentrix.com,,Concentrix,concentrix,,recruiter,scraped_personal,True,discover:career_portal,https://www.concentrix.com/careers,India,2027,Summer 2027,career_portal_scrape,2026-06-25T08:13:11+00:00
leonel.cafaro@concentrix.com,,Concentrix,concentrix,,recruiter,scraped_personal,True,discover:career_portal,https://www.concentrix.com/careers,India,2027,Summer 2027,career_portal_scrape,2026-06-25T08:13:11+00:00
luis.chinchilla@concentrix.com,,Concentrix,concentrix,,recruiter,scraped_personal,True,discover:career_portal,https://www.concentrix.com/careers,India,2027,Summer 2027,career_portal_scrape,2026-06-25T08:13:11+00:00
mahmoud.essam@concentrix.com,,Concentrix,concentrix,,recruiter,scraped_personal,True,discover:career_portal,https://www.concentrix.com/careers,India,2027,Summer 2027,career_portal_scrape,2026-06-25T08:13:11+00:00
maria.harcau@concentrix.com,,Concentrix,concentrix,,recruiter,scraped_personal,True,discover:career_portal,https://www.concentrix.com/careers,India,2027,Summer 2027,career_portal_scrape,2026-06-25T08:13:11+00:00
maria.popovici@concentrix.com,,Concentrix,concentrix,,recruiter,scraped_personal,True,discover:career_portal,https://www.concentrix.com/careers,India,2027,Summer 2027,career_portal_scrape,2026-06-25T08:13:11+00:00
mariamorena.mercado@concentrix.com,,Concentrix,concentrix,,recruiter,scraped_personal,True,discover:career_portal,https://www.concentrix.com/careers,India,2027,Summer 2027,career_portal_scrape,2026-06-25T08:13:11+00:00
markanthony.delapena@concentrix.com,,Concentrix,concentrix,,recruiter,scraped_personal,True,discover:career_portal,https://www.concentrix.com/careers,India,2027,Summer 2027,career_portal_scrape,2026-06-25T08:13:11+00:00
mohamedanis.chairat@concentrix.com,,Concentrix,concentrix,,recruiter,scraped_personal,True,discover:career_portal,https://www.concentrix.com/careers,India,2027,Summer 2027,career_portal_scrape,2026-06-25T08:13:11+00:00
nagarajan.khandra@concentrix.com,,Concentrix,concentrix,,recruiter,scraped_personal,True,discover:career_portal,https://www.concentrix.com/careers,India,2027,Summer 2027,career_portal_scrape,2026-06-25T08:13:11+00:00
nakisha.williams@concentrix.com,,Concentrix,concentrix,,recruiter,scraped_personal,True,discover:career_portal,https://www.concentrix.com/careers,India,2027,Summer 2027,career_portal_scrape,2026-06-25T08:13:11+00:00
naoufal.sallou@concentrix.com,,Concentrix,concentrix,,recruiter,scraped_personal,True,discover:career_portal,https://www.concentrix.com/careers,India,2027,Summer 2027,career_portal_scrape,2026-06-25T08:13:11+00:00
paola.zamora@concentrix.com,,Concentrix,concentrix,,recruiter,scraped_personal,True,discover:career_portal,https://www.concentrix.com/careers,India,2027,Summer 2027,career_portal_scrape,2026-06-25T08:13:11+00:00
renalyn.magat@concentrix.com,,Concentrix,concentrix,,recruiter,scraped_personal,True,discover:career_portal,https://www.concentrix.com/careers,India,2027,Summer 2027,career_portal_scrape,2026-06-25T08:13:11+00:00
rosalie.bautista@concentrix.com,,Concentrix,concentrix,,recruiter,scraped_personal,True,discover:career_portal,https://www.concentrix.com/careers,India,2027,Summer 2027,career_portal_scrape,2026-06-25T08:13:11+00:00
saurabh.s9@concentrix.com,,Concentrix,concentrix,,recruiter,scraped_personal,True,discover:career_portal,https://www.concentrix.com/careers,India,2027,Summer 2027,career_portal_scrape,2026-06-25T08:13:11+00:00
shaik.ahamed1@concentrix.com,,Concentrix,concentrix,,recruiter,scraped_personal,True,discover:career_portal,https://www.concentrix.com/careers,India,2027,Summer 2027,career_portal_scrape,2026-06-25T08:13:11+00:00
sitaraghunadh.vedala@concentrix.com,,Concentrix,concentrix,,recruiter,scraped_personal,True,discover:career_portal,https://www.concentrix.com/careers,India,2027,Summer 2027,career_portal_scrape,2026-06-25T08:13:11+00:00
stephanie.fowler@concentrix.com,,Concentrix,concentrix,,recruiter,scraped_personal,True,discover:career_portal,https://www.concentrix.com/careers,India,2027,Summer 2027,career_portal_scrape,2026-06-25T08:13:11+00:00
syamalaroopa.mukkavilli@concentrix.com,,Concentrix,concentrix,,recruiter,scraped_personal,True,discover:career_portal,https://www.concentrix.com/careers,India,2027,Summer 2027,career_portal_scrape,2026-06-25T08:13:11+00:00
tatia.gobechia@concentrix.com,,Concentrix,concentrix,,recruiter,scraped_personal,True,discover:career_portal,https://www.concentrix.com/careers,India,2027,Summer 2027,career_portal_scrape,2026-06-25T08:13:11+00:00
etf.sales@drw.com,,DRW,drw,,recruiter,scraped_personal,True,discover:career_portal,https://www.drw.com/contact-us,India,2027,Summer 2027,career_portal_scrape,2026-06-25T08:13:11+00:00
nx.business@drw.com,,DRW,drw,,recruiter,scraped_personal,True,discover:career_portal,https://www.drw.com/contact-us,India,2027,Summer 2027,career_portal_scrape,2026-06-25T08:13:11+00:00
adam.shi@deel.com,,Deel,deel,,recruiter,scraped_personal,True,discover:career_portal,https://www.deel.com/careers,India,2027,Summer 2027,career_portal_scrape,2026-06-25T08:13:11+00:00
ajay.dhameja@deel.com,,Deel,deel,,recruiter,scraped_personal,True,discover:career_portal,https://www.deel.com/careers,India,2027,Summer 2027,career_portal_scrape,2026-06-25T08:13:11+00:00
alessandra.zacco@deel.com,,Deel,deel,,recruiter,scraped_personal,True,discover:career_portal,https://www.deel.com/careers,India,2027,Summer 2027,career_portal_scrape,2026-06-25T08:13:11+00:00
ali.idris@deel.com,,Deel,deel,,recruiter,scraped_personal,True,discover:career_portal,https://www.deel.com/careers,India,2027,Summer 2027,career_portal_scrape,2026-06-25T08:13:11+00:00
andrew.moura@deel.com,,Deel,deel,,recruiter,scraped_personal,True,discover:career_portal,https://www.deel.com/careers,India,2027,Summer 2027,career_portal_scrape,2026-06-25T08:13:11+00:00
andy.ahluwalia@deel.com,,Deel,deel,,recruiter,scraped_personal,True,discover:career_portal,https://www.deel.com/careers,India,2027,Summer 2027,career_portal_scrape,2026-06-25T08:13:11+00:00
anna.sims@deel.com,,Deel,deel,,recruiter,scraped_personal,True,discover:career_portal,https://www.deel.com/careers,India,2027,Summer 2027,career_portal_scrape,2026-06-25T08:13:11+00:00
anthony.vogel@deel.com,,Deel,deel,,recruiter,scraped_personal,True,discover:career_portal,https://www.deel.com/careers,India,2027,Summer 2027,career_portal_scrape,2026-06-25T08:13:11+00:00
antonio.dediegosuanzes@deel.com,,Deel,deel,,recruiter,scraped_personal,True,discover:career_portal,https://www.deel.com/careers,India,2027,Summer 2027,career_portal_scrape,2026-06-25T08:13:11+00:00
arseniy.tsuprunov@deel.com,,Deel,deel,,recruiter,scraped_personal,True,discover:career_portal,https://www.deel.com/careers,India,2027,Summer 2027,career_portal_scrape,2026-06-25T08:13:11+00:00
ashwani.kumar@deel.com,,Deel,deel,,recruiter,scraped_personal,True,discover:career_portal,https://www.deel.com/careers,India,2027,Summer 2027,career_portal_scrape,2026-06-25T08:13:11+00:00
badoui.raeiche@deel.com,,Deel,deel,,recruiter,scraped_personal,True,discover:career_portal,https://www.deel.com/careers,India,2027,Summer 2027,career_portal_scrape,2026-06-25T08:13:11+00:00
ben.caplan@deel.com,,Deel,deel,,recruiter,scraped_personal,True,discover:career_portal,https://www.deel.com/careers,India,2027,Summer 2027,career_portal_scrape,2026-06-25T08:13:11+00:00
ben.cohen@deel.com,,Deel,deel,,recruiter,scraped_personal,True,discover:career_portal,https://www.deel.com/careers,India,2027,Summer 2027,career_portal_scrape,2026-06-25T08:13:11+00:00
brian.zelesky@deel.com,,Deel,deel,,recruiter,scraped_personal,True,discover:career_portal,https://www.deel.com/careers,India,2027,Summer 2027,career_portal_scrape,2026-06-25T08:13:11+00:00
bruno.gregorio@deel.com,,Deel,deel,,recruiter,scraped_personal,True,discover:career_portal,https://www.deel.com/careers,India,2027,Summer 2027,career_portal_scrape,2026-06-25T08:13:11+00:00
carlos.rodrigues@deel.com,,Deel,deel,,recruiter,scraped_personal,True,discover:career_portal,https://www.deel.com/careers,India,2027,Summer 2027,career_portal_scrape,2026-06-25T08:13:11+00:00
carlos.sangillao@deel.com,,Deel,deel,,recruiter,scraped_personal,True,discover:career_portal,https://www.deel.com/careers,India,2027,Summer 2027,career_portal_scrape,2026-06-25T08:13:11+00:00
channing.adler@deel.com,,Deel,deel,,recruiter,scraped_personal,True,discover:career_portal,https://www.deel.com/careers,India,2027,Summer 2027,career_portal_scrape,2026-06-25T08:13:11+00:00
charles.phillips@deel.com,,Deel,deel,,recruiter,scraped_personal,True,discover:career_portal,https://www.deel.com/careers,India,2027,Summer 2027,career_portal_scrape,2026-06-25T08:13:11+00:00
chelsea.taylor@deel.com,,Deel,deel,,recruiter,scraped_personal,True,discover:career_portal,https://www.deel.com/careers,India,2027,Summer 2027,career_portal_scrape,2026-06-25T08:13:11+00:00
christina.lee@deel.com,,Deel,deel,,recruiter,scraped_personal,True,discover:career_portal,https://www.deel.com/careers,India,2027,Summer 2027,career_portal_scrape,2026-06-25T08:13:11+00:00
clerissa.lewis@deel.com,,Deel,deel,,recruiter,scraped_personal,True,discover:career_portal,https://www.deel.com/careers,India,2027,Summer 2027,career_portal_scrape,2026-06-25T08:13:11+00:00
cooper.kennard@deel.com,,Deel,deel,,recruiter,scraped_personal,True,discover:career_portal,https://www.deel.com/careers,India,2027,Summer 2027,career_portal_scrape,2026-06-25T08:13:11+00:00
dan.karsenty@deel.com,,Deel,deel,,recruiter,scraped_personal,True,discover:career_portal,https://www.deel.com/careers,India,2027,Summer 2027,career_portal_scrape,2026-06-25T08:13:11+00:00
dani.pinillos@deel.com,,Deel,deel,,recruiter,scraped_personal,True,discover:career_portal,https://www.deel.com/careers,India,2027,Summer 2027,career_portal_scrape,2026-06-25T08:13:11+00:00
darshita.kathal@deel.com,,Deel,deel,,recruiter,scraped_personal,True,discover:career_portal,https://www.deel.com/careers,India,2027,Summer 2027,career_portal_scrape,2026-06-25T08:13:11+00:00
david.acevedo@deel.com,,Deel,deel,,recruiter,scraped_personal,True,discover:career_portal,https://www.deel.com/careers,India,2027,Summer 2027,career_portal_scrape,2026-06-25T08:13:11+00:00
david.ahmed@deel.com,,Deel,deel,,recruiter,scraped_personal,True,discover:career_portal,https://www.deel.com/careers,India,2027,Summer 2027,career_portal_scrape,2026-06-25T08:13:11+00:00
david.barcelo@deel.com,,Deel,deel,,recruiter,scraped_personal,True,discover:career_portal,https://www.deel.com/careers,India,2027,Summer 2027,career_portal_scrape,2026-06-25T08:13:11+00:00
deepak.gupta@deel.com,,Deel,deel,,recruiter,scraped_personal,True,discover:career_portal,https://www.deel.com/careers,India,2027,Summer 2027,career_portal_scrape,2026-06-25T08:13:11+00:00
dmitry.christie@deel.com,,Deel,deel,,recruiter,scraped_personal,True,discover:career_portal,https://www.deel.com/careers,India,2027,Summer 2027,career_portal_scrape,2026-06-25T08:13:11+00:00
ella.breider@deel.com,,Deel,deel,,recruiter,scraped_personal,True,discover:career_portal,https://www.deel.com/careers,India,2027,Summer 2027,career_portal_scrape,2026-06-25T08:13:11+00:00
facundo.curien@deel.com,,Deel,deel,,recruiter,scraped_personal,True,discover:career_portal,https://www.deel.com/careers,India,2027,Summer 2027,career_portal_scrape,2026-06-25T08:13:11+00:00
fernando.gadelha@deel.com,,Deel,deel,,recruiter,scraped_personal,True,discover:career_portal,https://www.deel.com/careers,India,2027,Summer 2027,career_portal_scrape,2026-06-25T08:13:11+00:00
filip.pabisek@deel.com,,Deel,deel,,recruiter,scraped_personal,True,discover:career_portal,https://www.deel.com/careers,India,2027,Summer 2027,career_portal_scrape,2026-06-25T08:13:11+00:00
francesca.arlati@deel.com,,Deel,deel,,recruiter,scraped_personal,True,discover:career_portal,https://www.deel.com/careers,India,2027,Summer 2027,career_portal_scrape,2026-06-25T08:13:11+00:00
georgia.kaufman@deel.com,,Deel,deel,,recruiter,scraped_personal,True,discover:career_portal,https://www.deel.com/careers,India,2027,Summer 2027,career_portal_scrape,2026-06-25T08:13:11+00:00
gil.batista@deel.com,,Deel,deel,,recruiter,scraped_personal,True,discover:career_portal,https://www.deel.com/careers,India,2027,Summer 2027,career_portal_scrape,2026-06-25T08:13:11+00:00
hunter.hedman@deel.com,,Deel,deel,,recruiter,scraped_personal,True,discover:career_portal,https://www.deel.com/careers,India,2027,Summer 2027,career_portal_scrape,2026-06-25T08:13:11+00:00
ibrahim.alispahic@deel.com,,Deel,deel,,recruiter,scraped_personal,True,discover:career_portal,https://www.deel.com/careers,India,2027,Summer 2027,career_portal_scrape,2026-06-25T08:13:11+00:00
ida.sisohore@deel.com,,Deel,deel,,recruiter,scraped_personal,True,discover:career_portal,https://www.deel.com/careers,India,2027,Summer 2027,career_portal_scrape,2026-06-25T08:13:11+00:00
irene.fanton@deel.com,,Deel,deel,,recruiter,scraped_personal,True,discover:career_portal,https://www.deel.com/careers,India,2027,Summer 2027,career_portal_scrape,2026-06-25T08:13:11+00:00
isabeau.peters@deel.com,,Deel,deel,,recruiter,scraped_personal,True,discover:career_portal,https://www.deel.com/careers,India,2027,Summer 2027,career_portal_scrape,2026-06-25T08:13:11+00:00
isabel.madeira@deel.com,,Deel,deel,,recruiter,scraped_personal,True,discover:career_portal,https://www.deel.com/careers,India,2027,Summer 2027,career_portal_scrape,2026-06-25T08:13:11+00:00
janberk.arikan@deel.com,,Deel,deel,,recruiter,scraped_personal,True,discover:career_portal,https://www.deel.com/careers,India,2027,Summer 2027,career_portal_scrape,2026-06-25T08:13:11+00:00
jen.salih@deel.com,,Deel,deel,,recruiter,scraped_personal,True,discover:career_portal,https://www.deel.com/careers,India,2027,Summer 2027,career_portal_scrape,2026-06-25T08:13:11+00:00
joe.qiao@deel.com,,Deel,deel,,recruiter,scraped_personal,True,discover:career_portal,https://www.deel.com/careers,India,2027,Summer 2027,career_portal_scrape,2026-06-25T08:13:11+00:00
juarez.mendes@deel.com,,Deel,deel,,recruiter,scraped_personal,True,discover:career_portal,https://www.deel.com/careers,India,2027,Summer 2027,career_portal_scrape,2026-06-25T08:13:11+00:00
julian.macalintal@deel.com,,Deel,deel,,recruiter,scraped_personal,True,discover:career_portal,https://www.deel.com/careers,India,2027,Summer 2027,career_portal_scrape,2026-06-25T08:13:11+00:00
juliano.garcia@deel.com,,Deel,deel,,recruiter,scraped_personal,True,discover:career_portal,https://www.deel.com/careers,India,2027,Summer 2027,career_portal_scrape,2026-06-25T08:13:11+00:00
julien.edde@deel.com,,Deel,deel,,recruiter,scraped_personal,True,discover:career_portal,https://www.deel.com/careers,India,2027,Summer 2027,career_portal_scrape,2026-06-25T08:13:11+00:00
kanika.narang@deel.com,,Deel,deel,,recruiter,scraped_personal,True,discover:career_portal,https://www.deel.com/careers,India,2027,Summer 2027,career_portal_scrape,2026-06-25T08:13:11+00:00
kathryn.stockton@deel.com,,Deel,deel,,recruiter,scraped_personal,True,discover:career_portal,https://www.deel.com/careers,India,2027,Summer 2027,career_portal_scrape,2026-06-25T08:13:11+00:00
kelly.yogui@deel.com,,Deel,deel,,recruiter,scraped_personal,True,discover:career_portal,https://www.deel.com/careers,India,2027,Summer 2027,career_portal_scrape,2026-06-25T08:13:11+00:00
kiko.piqueras@deel.com,,Deel,deel,,recruiter,scraped_personal,True,discover:career_portal,https://www.deel.com/careers,India,2027,Summer 2027,career_portal_scrape,2026-06-25T08:13:11+00:00
kinsey.mudd@deel.com,,Deel,deel,,recruiter,scraped_personal,True,discover:career_portal,https://www.deel.com/careers,India,2027,Summer 2027,career_portal_scrape,2026-06-25T08:13:11+00:00
kristen.banker@deel.com,,Deel,deel,,recruiter,scraped_personal,True,discover:career_portal,https://www.deel.com/careers,India,2027,Summer 2027,career_portal_scrape,2026-06-25T08:13:11+00:00
kristy.christie@deel.com,,Deel,deel,,recruiter,scraped_personal,True,discover:career_portal,https://www.deel.com/careers,India,2027,Summer 2027,career_portal_scrape,2026-06-25T08:13:11+00:00
lisa.frassetto@deel.com,,Deel,deel,,recruiter,scraped_personal,True,discover:career_portal,https://www.deel.com/careers,India,2027,Summer 2027,career_portal_scrape,2026-06-25T08:13:11+00:00
lucas.duarte@deel.com,,Deel,deel,,recruiter,scraped_personal,True,discover:career_portal,https://www.deel.com/careers,India,2027,Summer 2027,career_portal_scrape,2026-06-25T08:13:11+00:00
lucas.pazin@deel.com,,Deel,deel,,recruiter,scraped_personal,True,discover:career_portal,https://www.deel.com/careers,India,2027,Summer 2027,career_portal_scrape,2026-06-25T08:13:11+00:00
luiz.brito@deel.com,,Deel,deel,,recruiter,scraped_personal,True,discover:career_portal,https://www.deel.com/careers,India,2027,Summer 2027,career_portal_scrape,2026-06-25T08:13:11+00:00
mario.benitez@deel.com,,Deel,deel,,recruiter,scraped_personal,True,discover:career_portal,https://www.deel.com/careers,India,2027,Summer 2027,career_portal_scrape,2026-06-25T08:13:11+00:00
martina.presnajderova@deel.com,,Deel,deel,,recruiter,scraped_personal,True,discover:career_portal,https://www.deel.com/careers,India,2027,Summer 2027,career_portal_scrape,2026-06-25T08:13:11+00:00
matteo.camangi@deel.com,,Deel,deel,,recruiter,scraped_personal,True,discover:career_portal,https://www.deel.com/careers,India,2027,Summer 2027,career_portal_scrape,2026-06-25T08:13:11+00:00
mel.rosilio@deel.com,,Deel,deel,,recruiter,scraped_personal,True,discover:career_portal,https://www.deel.com/careers,India,2027,Summer 2027,career_portal_scrape,2026-06-25T08:13:11+00:00
michelle.lam@deel.com,,Deel,deel,,recruiter,scraped_personal,True,discover:career_portal,https://www.deel.com/careers,India,2027,Summer 2027,career_portal_scrape,2026-06-25T08:13:11+00:00
miguel.chambel@deel.com,,Deel,deel,,recruiter,scraped_personal,True,discover:career_portal,https://www.deel.com/careers,India,2027,Summer 2027,career_portal_scrape,2026-06-25T08:13:11+00:00
mohammad.alkhatatbeh@deel.com,,Deel,deel,,recruiter,scraped_personal,True,discover:career_portal,https://www.deel.com/careers,India,2027,Summer 2027,career_portal_scrape,2026-06-25T08:13:11+00:00
nate.howell@deel.com,,Deel,deel,,recruiter,scraped_personal,True,discover:career_portal,https://www.deel.com/careers,India,2027,Summer 2027,career_portal_scrape,2026-06-25T08:13:11+00:00
nik.savic@deel.com,,Deel,deel,,recruiter,scraped_personal,True,discover:career_portal,https://www.deel.com/careers,India,2027,Summer 2027,career_portal_scrape,2026-06-25T08:13:11+00:00
rahul.semwal@deel.com,,Deel,deel,,recruiter,scraped_personal,True,discover:career_portal,https://www.deel.com/careers,India,2027,Summer 2027,career_portal_scrape,2026-06-25T08:13:11+00:00
rishit.sahu@deel.com,,Deel,deel,,recruiter,scraped_personal,True,discover:career_portal,https://www.deel.com/careers,India,2027,Summer 2027,career_portal_scrape,2026-06-25T08:13:11+00:00
rohit.jain@deel.com,,Deel,deel,,recruiter,scraped_personal,True,discover:career_portal,https://www.deel.com/careers,India,2027,Summer 2027,career_portal_scrape,2026-06-25T08:13:11+00:00
shazan.ashroff@deel.com,,Deel,deel,,recruiter,scraped_personal,True,discover:career_portal,https://www.deel.com/careers,India,2027,Summer 2027,career_portal_scrape,2026-06-25T08:13:11+00:00
sonia.bhati@deel.com,,Deel,deel,,recruiter,scraped_personal,True,discover:career_portal,https://www.deel.com/careers,India,2027,Summer 2027,career_portal_scrape,2026-06-25T08:13:11+00:00
stefan.coltescu@deel.com,,Deel,deel,,recruiter,scraped_personal,True,discover:career_portal,https://www.deel.com/careers,India,2027,Summer 2027,career_portal_scrape,2026-06-25T08:13:11+00:00
tauri.tamm@deel.com,,Deel,deel,,recruiter,scraped_personal,True,discover:career_portal,https://www.deel.com/careers,India,2027,Summer 2027,career_portal_scrape,2026-06-25T08:13:11+00:00
thomas.chan@deel.com,,Deel,deel,,recruiter,scraped_personal,True,discover:career_portal,https://www.deel.com/careers,India,2027,Summer 2027,career_portal_scrape,2026-06-25T08:13:11+00:00
tina.niaki@deel.com,,Deel,deel,,recruiter,scraped_personal,True,discover:career_portal,https://www.deel.com/careers,India,2027,Summer 2027,career_portal_scrape,2026-06-25T08:13:11+00:00
tristan.woods@deel.com,,Deel,deel,,recruiter,scraped_personal,True,discover:career_portal,https://www.deel.com/careers,India,2027,Summer 2027,career_portal_scrape,2026-06-25T08:13:11+00:00
utkarsh.patil@deel.com,,Deel,deel,,recruiter,scraped_personal,True,discover:career_portal,https://www.deel.com/careers,India,2027,Summer 2027,career_portal_scrape,2026-06-25T08:13:11+00:00
verina.cornelia@deel.com,,Deel,deel,,recruiter,scraped_personal,True,discover:career_portal,https://www.deel.com/careers,India,2027,Summer 2027,career_portal_scrape,2026-06-25T08:13:11+00:00
victor.costa@deel.com,,Deel,deel,,recruiter,scraped_personal,True,discover:career_portal,https://www.deel.com/careers,India,2027,Summer 2027,career_portal_scrape,2026-06-25T08:13:11+00:00
victoria.olavarria@deel.com,,Deel,deel,,recruiter,scraped_personal,True,discover:career_portal,https://www.deel.com/careers,India,2027,Summer 2027,career_portal_scrape,2026-06-25T08:13:11+00:00
ylli.lekiqi@deel.com,,Deel,deel,,recruiter,scraped_personal,True,discover:career_portal,https://www.deel.com/careers,India,2027,Summer 2027,career_portal_scrape,2026-06-25T08:13:11+00:00
zach.esrig@deel.com,,Deel,deel,,recruiter,scraped_personal,True,discover:career_portal,https://www.deel.com/careers,India,2027,Summer 2027,career_portal_scrape,2026-06-25T08:13:11+00:00
edb.me@dell.com,,Dell,dell,,recruiter,scraped_personal,True,local:hr_email_csv,local:hr_email_csv,India,2027,Summer 2027,hr_csv_scout_domain_match,2026-06-25T08:20:32+00:00
aleksandar.stojanovski@db.com,,Deutsche Bank,deutschebank,,recruiter,scraped_personal,True,local:hr_email_csv,local:hr_email_csv,India,2027,Summer 2027,hr_csv_scout_domain_match,2026-06-25T08:20:32+00:00
chetan.tailor@db.com,,Deutsche Bank,deutschebank,,recruiter,scraped_personal,True,local:hr_email_csv,local:hr_email_csv,India,2027,Summer 2027,hr_csv_scout_domain_match,2026-06-25T08:20:32+00:00
dubai.reception@db.com,,Deutsche Bank,deutschebank,,recruiter,scraped_personal,True,local:hr_email_csv,local:hr_email_csv,India,2027,Summer 2027,hr_csv_scout_domain_match,2026-06-25T08:20:32+00:00
frank.beckers@db.com,,Deutsche Bank,deutschebank,,recruiter,scraped_personal,True,local:hr_email_csv,local:hr_email_csv,India,2027,Summer 2027,hr_csv_scout_domain_match,2026-06-25T08:20:32+00:00
micheline.dales@db.com,,Deutsche Bank,deutschebank,,recruiter,scraped_personal,True,local:hr_email_csv,local:hr_email_csv,India,2027,Summer 2027,hr_csv_scout_domain_match,2026-06-25T08:20:32+00:00
mohanad.nahas@db.com,,Deutsche Bank,deutschebank,,recruiter,scraped_personal,True,local:hr_email_csv,local:hr_email_csv,India,2027,Summer 2027,hr_csv_scout_domain_match,2026-06-25T08:20:32+00:00
radha.gupta@db.com,,Deutsche Bank,deutschebank,,recruiter,scraped_personal,True,local:hr_email_csv,local:hr_email_csv,India,2027,Summer 2027,hr_csv_scout_domain_match,2026-06-25T08:20:32+00:00
ricardo.honegger@db.com,,Deutsche Bank,deutschebank,,recruiter,scraped_personal,True,local:hr_email_csv,local:hr_email_csv,India,2027,Summer 2027,hr_csv_scout_domain_match,2026-06-25T08:20:32+00:00
salah.jaidah@db.com,,Deutsche Bank,deutschebank,,recruiter,scraped_personal,True,local:hr_email_csv,local:hr_email_csv,India,2027,Summer 2027,hr_csv_scout_domain_match,2026-06-25T08:20:32+00:00
samantha.king@db.com,,Deutsche Bank,deutschebank,,recruiter,scraped_personal,True,local:hr_email_csv,local:hr_email_csv,India,2027,Summer 2027,hr_csv_scout_domain_match,2026-06-25T08:20:32+00:00
sian.stevens@db.com,,Deutsche Bank,deutschebank,,recruiter,scraped_personal,True,local:hr_email_csv,local:hr_email_csv,India,2027,Summer 2027,hr_csv_scout_domain_match,2026-06-25T08:20:32+00:00
sorab.khan@db.com,,Deutsche Bank,deutschebank,,recruiter,scraped_personal,True,local:hr_email_csv,local:hr_email_csv,India,2027,Summer 2027,hr_csv_scout_domain_match,2026-06-25T08:20:32+00:00
tarek.lotfy@db.com,,Deutsche Bank,deutschebank,,recruiter,scraped_personal,True,local:hr_email_csv,local:hr_email_csv,India,2027,Summer 2027,hr_csv_scout_domain_match,2026-06-25T08:20:32+00:00
zahed.chowdhury@db.com,,Deutsche Bank,deutschebank,,recruiter,scraped_personal,True,local:hr_email_csv,local:hr_email_csv,India,2027,Summer 2027,hr_csv_scout_domain_match,2026-06-25T08:20:32+00:00
chaitrashree.hegde.con@hotstar.com,,Disney+ Hotstar,disneyhotstar,,recruiter,scraped_personal,True,web:substack_verified,https://atozplacementkit.substack.com/p/hr-emails-of-50-companies,India,2027,Summer 2027,web_directory_mx_verified,2026-06-25T07:51:04+00:00
aijaz.siddiqui@ae.ey.com,,EY,ey,,recruiter,scraped_personal,True,local:hr_email_csv,local:hr_email_csv,India,2027,Summer 2027,hr_csv_scout_domain_match,2026-06-25T08:20:32+00:00
amal.alwaidh@ae.ey.com,,EY,ey,,recruiter,scraped_personal,True,local:hr_email_csv,local:hr_email_csv,India,2027,Summer 2027,hr_csv_scout_domain_match,2026-06-25T08:20:32+00:00
deepali.deshmankar@ae.ey.com,,EY,ey,,recruiter,scraped_personal,True,local:hr_email_csv,local:hr_email_csv,India,2027,Summer 2027,hr_csv_scout_domain_match,2026-06-25T08:20:32+00:00
dubai.uae@ey.com,,EY,ey,,recruiter,scraped_personal,True,local:hr_email_csv,local:hr_email_csv,India,2027,Summer 2027,hr_csv_scout_domain_match,2026-06-25T08:20:32+00:00
haitham.elmasri@ae.ey.com,,EY,ey,,recruiter,scraped_personal,True,local:hr_email_csv,local:hr_email_csv,India,2027,Summer 2027,hr_csv_scout_domain_match,2026-06-25T08:20:32+00:00
hamed.kazim@ae.ey.com,,EY,ey,,recruiter,scraped_personal,True,local:hr_email_csv,local:hr_email_csv,India,2027,Summer 2027,hr_csv_scout_domain_match,2026-06-25T08:20:32+00:00
hasan.barakat@ae.ey.com,,EY,ey,,recruiter,scraped_personal,True,local:hr_email_csv,local:hr_email_csv,India,2027,Summer 2027,hr_csv_scout_domain_match,2026-06-25T08:20:32+00:00
joshua.yates@ae.ey.com,,EY,ey,,recruiter,scraped_personal,True,local:hr_email_csv,local:hr_email_csv,India,2027,Summer 2027,hr_csv_scout_domain_match,2026-06-25T08:20:32+00:00
karim.cheltout@ae.ey.com,,EY,ey,,recruiter,scraped_personal,True,local:hr_email_csv,local:hr_email_csv,India,2027,Summer 2027,hr_csv_scout_domain_match,2026-06-25T08:20:32+00:00
mahadevan.chidambaram@ae.ey.com,,EY,ey,,recruiter,scraped_personal,True,local:hr_email_csv,local:hr_email_csv,India,2027,Summer 2027,hr_csv_scout_domain_match,2026-06-25T08:20:32+00:00
mehmood.ibad@ae.ey.com,,EY,ey,,recruiter,scraped_personal,True,local:hr_email_csv,local:hr_email_csv,India,2027,Summer 2027,hr_csv_scout_domain_match,2026-06-25T08:20:32+00:00
michael.hasbani@ae.ey.com,,EY,ey,,recruiter,scraped_personal,True,local:hr_email_csv,local:hr_email_csv,India,2027,Summer 2027,hr_csv_scout_domain_match,2026-06-25T08:20:32+00:00
michaela.fryett@ae.ey.com,,EY,ey,,recruiter,scraped_personal,True,local:hr_email_csv,local:hr_email_csv,India,2027,Summer 2027,hr_csv_scout_domain_match,2026-06-25T08:20:32+00:00
muhammad.zahid@ae.ey.com,,EY,ey,,recruiter,scraped_personal,True,local:hr_email_csv,local:hr_email_csv,India,2027,Summer 2027,hr_csv_scout_domain_match,2026-06-25T08:20:32+00:00
nicole.azzam@ae.ey.com,,EY,ey,,recruiter,scraped_personal,True,local:hr_email_csv,local:hr_email_csv,India,2027,Summer 2027,hr_csv_scout_domain_match,2026-06-25T08:20:32+00:00
rakesh.kanabar@ae.ey.com,,EY,ey,,recruiter,scraped_personal,True,local:hr_email_csv,local:hr_email_csv,India,2027,Summer 2027,hr_csv_scout_domain_match,2026-06-25T08:20:32+00:00
riad.megaly@ae.ey.com,,EY,ey,,recruiter,scraped_personal,True,local:hr_email_csv,local:hr_email_csv,India,2027,Summer 2027,hr_csv_scout_domain_match,2026-06-25T08:20:32+00:00
richard.mitchell@ae.ey.com,,EY,ey,,recruiter,scraped_personal,True,local:hr_email_csv,local:hr_email_csv,India,2027,Summer 2027,hr_csv_scout_domain_match,2026-06-25T08:20:32+00:00
waddah.salah@sa.ey.com,,EY,ey,,recruiter,scraped_personal,True,local:hr_email_csv,local:hr_email_csv,India,2027,Summer 2027,hr_csv_scout_domain_match,2026-06-25T08:20:32+00:00
wylie.paler@ae.ey.com,,EY,ey,,recruiter,scraped_personal,True,local:hr_email_csv,local:hr_email_csv,India,2027,Summer 2027,hr_csv_scout_domain_match,2026-06-25T08:20:32+00:00
forouzan.masoumian@ericsson.com,,Ericsson,ericsson,,recruiter,scraped_personal,True,local:hr_email_csv,local:hr_email_csv,India,2027,Summer 2027,hr_csv_scout_domain_match,2026-06-25T08:20:32+00:00
fredrik.sundberg@ericsson.com,,Ericsson,ericsson,,recruiter,scraped_personal,True,local:hr_email_csv,local:hr_email_csv,India,2027,Summer 2027,hr_csv_scout_domain_match,2026-06-25T08:20:32+00:00
henrik.johanzon@ericsson.com,,Ericsson,ericsson,,recruiter,scraped_personal,True,local:hr_email_csv,local:hr_email_csv,India,2027,Summer 2027,hr_csv_scout_domain_match,2026-06-25T08:20:32+00:00
jakob.arvidsson@ericsson.com,,Ericsson,ericsson,,recruiter,scraped_personal,True,local:hr_email_csv,local:hr_email_csv,India,2027,Summer 2027,hr_csv_scout_domain_match,2026-06-25T08:20:32+00:00
jennifer.xs.bellen@ericsson.com,,Ericsson,ericsson,,recruiter,scraped_personal,True,local:hr_email_csv,local:hr_email_csv,India,2027,Summer 2027,hr_csv_scout_domain_match,2026-06-25T08:20:32+00:00
mats.otterstedt@ericsson.com,,Ericsson,ericsson,,recruiter,scraped_personal,True,local:hr_email_csv,local:hr_email_csv,India,2027,Summer 2027,hr_csv_scout_domain_match,2026-06-25T08:20:32+00:00
mohsen.a.assadizadeh@ericsson.com,,Ericsson,ericsson,,recruiter,scraped_personal,True,local:hr_email_csv,local:hr_email_csv,India,2027,Summer 2027,hr_csv_scout_domain_match,2026-06-25T08:20:32+00:00
neil.smith@ericsson.com,,Ericsson,ericsson,,recruiter,scraped_personal,True,local:hr_email_csv,local:hr_email_csv,India,2027,Summer 2027,hr_csv_scout_domain_match,2026-06-25T08:20:32+00:00
peter.hofman@ericsson.com,,Ericsson,ericsson,,recruiter,scraped_personal,True,local:hr_email_csv,local:hr_email_csv,India,2027,Summer 2027,hr_csv_scout_domain_match,2026-06-25T08:20:32+00:00
raed.al-askari@ericsson.com,,Ericsson,ericsson,,recruiter,scraped_personal,True,local:hr_email_csv,local:hr_email_csv,India,2027,Summer 2027,hr_csv_scout_domain_match,2026-06-25T08:20:32+00:00
rajesh.bhatia@ericsson.com,,Ericsson,ericsson,,recruiter,scraped_personal,True,local:hr_email_csv,local:hr_email_csv,India,2027,Summer 2027,hr_csv_scout_domain_match,2026-06-25T08:20:32+00:00
shahid.mahmood@ericsson.com,,Ericsson,ericsson,,recruiter,scraped_personal,True,local:hr_email_csv,local:hr_email_csv,India,2027,Summer 2027,hr_csv_scout_domain_match,2026-06-25T08:20:32+00:00
wadhah.el.yaalaoui@ericsson.com,,Ericsson,ericsson,,recruiter,scraped_personal,True,local:hr_email_csv,local:hr_email_csv,India,2027,Summer 2027,hr_csv_scout_domain_match,2026-06-25T08:20:32+00:00
niaz.basheer@fticonsulting.com,,FTI Consulting,fticonsulting,,recruiter,scraped_personal,True,local:hr_email_csv,local:hr_email_csv,India,2027,Summer 2027,hr_csv_scout_domain_match,2026-06-25T08:20:32+00:00
askhr.us@fiserv.com,,Fiserv,fiserv,,recruiter,scraped_personal,True,discover:career_portal,https://www.careers.fiserv.com,India,2027,Summer 2027,career_portal_scrape,2026-06-26T05:09:58+00:00
abhinavsingh.k@flipkart.com,,Flipkart,flipkart,,recruiter,scraped_personal,True,web:substack_verified,https://atozplacementkit.substack.com/p/hr-emails-of-50-companies,India,2027,Summer 2027,web_directory_mx_verified,2026-06-25T07:51:04+00:00
anjali.verma@flipkart.com,,Flipkart,flipkart,,recruiter,scraped_personal,True,web:substack_verified,https://atozplacementkit.substack.com/p/hr-emails-of-50-companies,India,2027,Summer 2027,web_directory_mx_verified,2026-06-25T07:51:04+00:00
itl.geitc@geind.ge.com,,GE India,geindia,,recruiter,scraped_personal,True,web:devblogger_verified,https://www.devblogger.in/blogs/hr-email-directory-top-500-indian-companies,India,2027,Summer 2027,web_directory_mx_verified,2026-06-25T07:49:28+00:00
shruti.pattanaik@inmobi.com,,Glance,glance,,recruiter,scraped_personal,True,discover:career_portal,https://glance.com/careers,India,2027,Summer 2027,career_portal_scrape,2026-06-25T08:13:11+00:00
ajit.abraham@hp.com,,HP,hp,,recruiter,scraped_personal,True,local:hr_email_csv,local:hr_email_csv,India,2027,Summer 2027,hr_csv_scout_domain_match,2026-06-25T08:20:32+00:00
ajith.abraham@hp.com,,HP,hp,,recruiter,scraped_personal,True,local:hr_email_csv,local:hr_email_csv,India,2027,Summer 2027,hr_csv_scout_domain_match,2026-06-25T08:20:32+00:00
joseph.hanania@hp.com,,HP,hp,,recruiter,scraped_personal,True,local:hr_email_csv,local:hr_email_csv,India,2027,Summer 2027,hr_csv_scout_domain_match,2026-06-25T08:20:32+00:00
rameshwar.singh@hp.com,,HP,hp,,recruiter,scraped_personal,True,local:hr_email_csv,local:hr_email_csv,India,2027,Summer 2027,hr_csv_scout_domain_match,2026-06-25T08:20:32+00:00
abudhabi.branch@hsbc.com,,HSBC,hsbc,,recruiter,scraped_personal,True,local:hr_email_csv,local:hr_email_csv,India,2027,Summer 2027,hr_csv_scout_domain_match,2026-06-25T08:20:32+00:00
contactus.me@hsbc.com,,HSBC,hsbc,,recruiter,scraped_personal,True,local:hr_email_csv,local:hr_email_csv,India,2027,Summer 2027,hr_csv_scout_domain_match,2026-06-25T08:20:32+00:00
dubai.branch@hsbc.com,,HSBC,hsbc,,recruiter,scraped_personal,True,local:hr_email_csv,local:hr_email_csv,India,2027,Summer 2027,hr_csv_scout_domain_match,2026-06-25T08:20:32+00:00
dubai.repoffice@hsbc.com,,HSBC,hsbc,,recruiter,scraped_personal,True,local:hr_email_csv,local:hr_email_csv,India,2027,Summer 2027,hr_csv_scout_domain_match,2026-06-25T08:20:32+00:00
janet.menezes@hsbc.com,,HSBC,hsbc,,recruiter,scraped_personal,True,local:hr_email_csv,local:hr_email_csv,India,2027,Summer 2027,hr_csv_scout_domain_match,2026-06-25T08:20:32+00:00
jessica.day@hsbc.com,,HSBC,hsbc,,recruiter,scraped_personal,True,local:hr_email_csv,local:hr_email_csv,India,2027,Summer 2027,hr_csv_scout_domain_match,2026-06-25T08:20:32+00:00
saram.siddiqui@hsbc.com,,HSBC,hsbc,,recruiter,scraped_personal,True,local:hr_email_csv,local:hr_email_csv,India,2027,Summer 2027,hr_csv_scout_domain_match,2026-06-25T08:20:32+00:00
tim.harrison@hsbc.com,,HSBC,hsbc,,recruiter,scraped_personal,True,local:hr_email_csv,local:hr_email_csv,India,2027,Summer 2027,hr_csv_scout_domain_match,2026-06-25T08:20:32+00:00
ad.verstegen@honeywell.com,,Honeywell,honeywell,,recruiter,scraped_personal,True,local:hr_email_csv,local:hr_email_csv,India,2027,Summer 2027,hr_csv_scout_domain_match,2026-06-25T08:20:32+00:00
adel.tawdros@honeywell.com,,Honeywell,honeywell,,recruiter,scraped_personal,True,local:hr_email_csv,local:hr_email_csv,India,2027,Summer 2027,hr_csv_scout_domain_match,2026-06-25T08:20:32+00:00
ali.ibrahim@honeywell.com,,Honeywell,honeywell,,recruiter,scraped_personal,True,local:hr_email_csv,local:hr_email_csv,India,2027,Summer 2027,hr_csv_scout_domain_match,2026-06-25T08:20:32+00:00
apurv.choubey@honeywell.com,,Honeywell,honeywell,,recruiter,scraped_personal,True,local:hr_email_csv,local:hr_email_csv,India,2027,Summer 2027,hr_csv_scout_domain_match,2026-06-25T08:20:32+00:00
corrado.conti@honeywell.com,,Honeywell,honeywell,,recruiter,scraped_personal,True,local:hr_email_csv,local:hr_email_csv,India,2027,Summer 2027,hr_csv_scout_domain_match,2026-06-25T08:20:32+00:00
gerrit.devries@honeywell.com,,Honeywell,honeywell,,recruiter,scraped_personal,True,local:hr_email_csv,local:hr_email_csv,India,2027,Summer 2027,hr_csv_scout_domain_match,2026-06-25T08:20:32+00:00
grace.sarouphim@honeywell.com,,Honeywell,honeywell,,recruiter,scraped_personal,True,local:hr_email_csv,local:hr_email_csv,India,2027,Summer 2027,hr_csv_scout_domain_match,2026-06-25T08:20:32+00:00
harish.telreja@honeywell.com,,Honeywell,honeywell,,recruiter,scraped_personal,True,local:hr_email_csv,local:hr_email_csv,India,2027,Summer 2027,hr_csv_scout_domain_match,2026-06-25T08:20:32+00:00
hussain.al-atrakchi@honeywell.com,,Honeywell,honeywell,,recruiter,scraped_personal,True,local:hr_email_csv,local:hr_email_csv,India,2027,Summer 2027,hr_csv_scout_domain_match,2026-06-25T08:20:32+00:00
imran.bashir@honeywell.com,,Honeywell,honeywell,,recruiter,scraped_personal,True,local:hr_email_csv,local:hr_email_csv,India,2027,Summer 2027,hr_csv_scout_domain_match,2026-06-25T08:20:32+00:00
kavitha.ramane@honeywell.com,,Honeywell,honeywell,,recruiter,scraped_personal,True,local:hr_email_csv,local:hr_email_csv,India,2027,Summer 2027,hr_csv_scout_domain_match,2026-06-25T08:20:32+00:00
luck.jindal@honeywell.com,,Honeywell,honeywell,,recruiter,scraped_personal,True,local:hr_email_csv,local:hr_email_csv,India,2027,Summer 2027,hr_csv_scout_domain_match,2026-06-25T08:20:32+00:00
lucky.jindal@honeywell.com,,Honeywell,honeywell,,recruiter,scraped_personal,True,local:hr_email_csv,local:hr_email_csv,India,2027,Summer 2027,hr_csv_scout_domain_match,2026-06-25T08:20:32+00:00
manish.nawani@honeywell.com,,Honeywell,honeywell,,recruiter,scraped_personal,True,local:hr_email_csv,local:hr_email_csv,India,2027,Summer 2027,hr_csv_scout_domain_match,2026-06-25T08:20:32+00:00
masoud.abdulla@honeywell.com,,Honeywell,honeywell,,recruiter,scraped_personal,True,local:hr_email_csv,local:hr_email_csv,India,2027,Summer 2027,hr_csv_scout_domain_match,2026-06-25T08:20:32+00:00
maysoon.hassan@honeywell.com,,Honeywell,honeywell,,recruiter,scraped_personal,True,local:hr_email_csv,local:hr_email_csv,India,2027,Summer 2027,hr_csv_scout_domain_match,2026-06-25T08:20:32+00:00
mohamed.serry@honeywell.com,,Honeywell,honeywell,,recruiter,scraped_personal,True,local:hr_email_csv,local:hr_email_csv,India,2027,Summer 2027,hr_csv_scout_domain_match,2026-06-25T08:20:32+00:00
mustafa.mandviwala@honeywell.com,,Honeywell,honeywell,,recruiter,scraped_personal,True,local:hr_email_csv,local:hr_email_csv,India,2027,Summer 2027,hr_csv_scout_domain_match,2026-06-25T08:20:32+00:00
nameeta.kagva@honeywell.com,,Honeywell,honeywell,,recruiter,scraped_personal,True,local:hr_email_csv,local:hr_email_csv,India,2027,Summer 2027,hr_csv_scout_domain_match,2026-06-25T08:20:32+00:00
nameeta.kagvate@honeywell.com,,Honeywell,honeywell,,recruiter,scraped_personal,True,local:hr_email_csv,local:hr_email_csv,India,2027,Summer 2027,hr_csv_scout_domain_match,2026-06-25T08:20:32+00:00
rajesh.rajendran2@honeywell.com,,Honeywell,honeywell,,recruiter,scraped_personal,True,local:hr_email_csv,local:hr_email_csv,India,2027,Summer 2027,hr_csv_scout_domain_match,2026-06-25T08:20:32+00:00
rami.tamimi@honeywell.com,,Honeywell,honeywell,,recruiter,scraped_personal,True,local:hr_email_csv,local:hr_email_csv,India,2027,Summer 2027,hr_csv_scout_domain_match,2026-06-25T08:20:32+00:00
rani.zahed@honeywell.com,,Honeywell,honeywell,,recruiter,scraped_personal,True,local:hr_email_csv,local:hr_email_csv,India,2027,Summer 2027,hr_csv_scout_domain_match,2026-06-25T08:20:32+00:00
rani.zahid@honeywell.com,,Honeywell,honeywell,,recruiter,scraped_personal,True,local:hr_email_csv,local:hr_email_csv,India,2027,Summer 2027,hr_csv_scout_domain_match,2026-06-25T08:20:32+00:00
safeer.makkrayil@honeywell.com,,Honeywell,honeywell,,recruiter,scraped_personal,True,local:hr_email_csv,local:hr_email_csv,India,2027,Summer 2027,hr_csv_scout_domain_match,2026-06-25T08:20:32+00:00
saif.riaz@honeywell.com,,Honeywell,honeywell,,recruiter,scraped_personal,True,local:hr_email_csv,local:hr_email_csv,India,2027,Summer 2027,hr_csv_scout_domain_match,2026-06-25T08:20:32+00:00
sami.asad@honeywell.com,,Honeywell,honeywell,,recruiter,scraped_personal,True,local:hr_email_csv,local:hr_email_csv,India,2027,Summer 2027,hr_csv_scout_domain_match,2026-06-25T08:20:32+00:00
seema.bansal@honeywell.com,,Honeywell,honeywell,,recruiter,scraped_personal,True,local:hr_email_csv,local:hr_email_csv,India,2027,Summer 2027,hr_csv_scout_domain_match,2026-06-25T08:20:32+00:00
shantanu.ghate@honeywell.com,,Honeywell,honeywell,,recruiter,scraped_personal,True,local:hr_email_csv,local:hr_email_csv,India,2027,Summer 2027,hr_csv_scout_domain_match,2026-06-25T08:20:32+00:00
simona.manole@honeywell.com,,Honeywell,honeywell,,recruiter,scraped_personal,True,local:hr_email_csv,local:hr_email_csv,India,2027,Summer 2027,hr_csv_scout_domain_match,2026-06-25T08:20:32+00:00
sreedevi.basa@honeywell.com,,Honeywell,honeywell,,recruiter,scraped_personal,True,local:hr_email_csv,local:hr_email_csv,India,2027,Summer 2027,hr_csv_scout_domain_match,2026-06-25T08:20:32+00:00
vineet.harithas@honeywell.com,,Honeywell,honeywell,,recruiter,scraped_personal,True,local:hr_email_csv,local:hr_email_csv,India,2027,Summer 2027,hr_csv_scout_domain_match,2026-06-25T08:20:32+00:00
waleed.abdulrazeq@honeywell.com,,Honeywell,honeywell,,recruiter,scraped_personal,True,local:hr_email_csv,local:hr_email_csv,India,2027,Summer 2027,hr_csv_scout_domain_match,2026-06-25T08:20:32+00:00
yatin.deo@honeywell.com,,Honeywell,honeywell,,recruiter,scraped_personal,True,local:hr_email_csv,local:hr_email_csv,India,2027,Summer 2027,hr_csv_scout_domain_match,2026-06-25T08:20:32+00:00
zafar.siddiqui@honeywell.com,,Honeywell,honeywell,,recruiter,scraped_personal,True,local:hr_email_csv,local:hr_email_csv,India,2027,Summer 2027,hr_csv_scout_domain_match,2026-06-25T08:20:32+00:00
taarika.khedekar@icicisecurities.com,,ICICI Securities,icicisecurities,,recruiter,scraped_personal,True,discover:career_portal,https://icicisecurities.com/contact-us,India,2027,Summer 2027,career_portal_scrape,2026-06-26T07:07:37+00:00
igp.bangalore@infineon.com,,Infineon,infineon,,recruiter,scraped_personal,True,local:hr_email_csv,local:hr_email_csv,India,2027,Summer 2027,hr_csv_scout_domain_match,2026-06-25T08:20:32+00:00
ws.blr@infineon.com,,Infineon,infineon,,recruiter,scraped_personal,True,local:hr_email_csv,local:hr_email_csv,India,2027,Summer 2027,hr_csv_scout_domain_match,2026-06-25T08:20:32+00:00
akshatha.rao@intel.com,,Intel India,intelindia,,recruiter,scraped_personal,True,local:hr_email_csv,local:hr_email_csv,India,2027,Summer 2027,hr_csv_scout_domain_match,2026-06-25T08:20:32+00:00
dennis.holmer@intel.com,,Intel India,intelindia,,recruiter,scraped_personal,True,local:hr_email_csv,local:hr_email_csv,India,2027,Summer 2027,hr_csv_scout_domain_match,2026-06-25T08:20:32+00:00
evy.mathew@intel.com,,Intel India,intelindia,,recruiter,scraped_personal,True,local:hr_email_csv,local:hr_email_csv,India,2027,Summer 2027,hr_csv_scout_domain_match,2026-06-25T08:20:32+00:00
ramzi.abdul.baki@intel.com,,Intel India,intelindia,,recruiter,scraped_personal,True,local:hr_email_csv,local:hr_email_csv,India,2027,Summer 2027,hr_csv_scout_domain_match,2026-06-25T08:20:32+00:00
miskin.shravani@juspay.in,,Juspay,juspay,,recruiter,scraped_personal,True,web:substack_verified,https://atozplacementkit.substack.com/p/hr-emails-of-50-companies,India,2027,Summer 2027,web_directory_mx_verified,2026-06-25T07:51:04+00:00
talent.acquisition@kla.com,,KLA Corporation,klacorporation,,recruiter,scraped_personal,True,discover:career_portal,https://www.kla.com/careers,India,2027,Summer 2027,career_portal_scrape,2026-06-26T07:42:11+00:00
ada.perniceni@kearney.com,,Kearney,kearney,,recruiter,scraped_personal,True,local:hr_email_csv,local:hr_email_csv,India,2027,Summer 2027,hr_csv_scout_domain_match,2026-06-25T08:20:32+00:00
robert.willen@kearney.com,,Kearney,kearney,,recruiter,scraped_personal,True,local:hr_email_csv,local:hr_email_csv,India,2027,Summer 2027,hr_csv_scout_domain_match,2026-06-25T08:20:32+00:00
applicant.accomodations@ltts.com,,LTTS,ltts,,recruiter,scraped_personal,True,discover:career_portal,https://www.ltts.com/careers,India,2027,Summer 2027,career_portal_scrape,2026-06-26T07:42:11+00:00
grievance.redressal@lendingkart.com,,Lendingkart,lendingkart,,recruiter,scraped_personal,True,discover:career_portal,https://lendingkart.com/careers,India,2027,Summer 2027,career_portal_scrape,2026-06-26T07:42:11+00:00
ashley.fong@macquarie.com,,Macquarie,macquarie,,recruiter,scraped_personal,True,local:hr_email_csv,local:hr_email_csv,India,2027,Summer 2027,hr_csv_scout_domain_match,2026-06-25T08:20:32+00:00
charlotte.brunning@macquarie.com,,Macquarie,macquarie,,recruiter,scraped_personal,True,local:hr_email_csv,local:hr_email_csv,India,2027,Summer 2027,hr_csv_scout_domain_match,2026-06-25T08:20:32+00:00
davina.xavier@macquarie.com,,Macquarie,macquarie,,recruiter,scraped_personal,True,local:hr_email_csv,local:hr_email_csv,India,2027,Summer 2027,hr_csv_scout_domain_match,2026-06-25T08:20:32+00:00
elie.semaan@macquarie.com,,Macquarie,macquarie,,recruiter,scraped_personal,True,local:hr_email_csv,local:hr_email_csv,India,2027,Summer 2027,hr_csv_scout_domain_match,2026-06-25T08:20:32+00:00
hajir.naghdy@macquarie.com,,Macquarie,macquarie,,recruiter,scraped_personal,True,local:hr_email_csv,local:hr_email_csv,India,2027,Summer 2027,hr_csv_scout_domain_match,2026-06-25T08:20:32+00:00
renae.lee@macquarie.com,,Macquarie,macquarie,,recruiter,scraped_personal,True,local:hr_email_csv,local:hr_email_csv,India,2027,Summer 2027,hr_csv_scout_domain_match,2026-06-25T08:20:32+00:00
yasmina.elshafei@macquarie.com,,Macquarie,macquarie,,recruiter,scraped_personal,True,local:hr_email_csv,local:hr_email_csv,India,2027,Summer 2027,hr_csv_scout_domain_match,2026-06-25T08:20:32+00:00
amita.chohan@man.com,,Man Group,mangroup,,recruiter,scraped_personal,True,discover:career_portal,https://www.man.com/careers,India,2027,Summer 2027,career_portal_scrape,2026-06-25T08:13:11+00:00
danielle.ashley@man.com,,Man Group,mangroup,,recruiter,scraped_personal,True,discover:career_portal,https://www.man.com/careers,India,2027,Summer 2027,career_portal_scrape,2026-06-25T08:13:11+00:00
elia.nieto@man.com,,Man Group,mangroup,,recruiter,scraped_personal,True,discover:career_portal,https://www.man.com/careers,India,2027,Summer 2027,career_portal_scrape,2026-06-25T08:13:11+00:00
petya.petrova@man.com,,Man Group,mangroup,,recruiter,scraped_personal,True,discover:career_portal,https://www.man.com/careers,India,2027,Summer 2027,career_portal_scrape,2026-06-25T08:13:11+00:00
raneet.shogan@man.com,,Man Group,mangroup,,recruiter,scraped_personal,True,discover:career_portal,https://www.man.com/careers,India,2027,Summer 2027,career_portal_scrape,2026-06-25T08:13:11+00:00
sarah.salta@man.com,,Man Group,mangroup,,recruiter,scraped_personal,True,discover:career_portal,https://www.man.com/careers,India,2027,Summer 2027,career_portal_scrape,2026-06-25T08:13:11+00:00
shakey.ullah@man.com,,Man Group,mangroup,,recruiter,scraped_personal,True,discover:career_portal,https://www.man.com/careers,India,2027,Summer 2027,career_portal_scrape,2026-06-25T08:13:11+00:00
slavey.trenin@man.com,,Man Group,mangroup,,recruiter,scraped_personal,True,discover:career_portal,https://www.man.com/careers,India,2027,Summer 2027,career_portal_scrape,2026-06-25T08:13:11+00:00
marije.soer@mcafee.com,,McAfee,mcafee,,recruiter,scraped_personal,True,local:hr_email_csv,local:hr_email_csv,India,2027,Summer 2027,hr_csv_scout_domain_match,2026-06-25T08:20:32+00:00
peter.criosthot@mcafee.com,,McAfee,mcafee,,recruiter,scraped_personal,True,local:hr_email_csv,local:hr_email_csv,India,2027,Summer 2027,hr_csv_scout_domain_match,2026-06-25T08:20:32+00:00
himanshubarak@gmail.com,,Meesho,meesho,,hr_inbox,scraped_personal,True,web:substack_verified,https://atozplacementkit.substack.com/p/hr-emails-of-50-companies,India,2027,Summer 2027,web_directory_mx_verified,2026-06-25T07:51:04+00:00
kashish.kohli@morganstanley.com,,Morgan Stanley India,morganstanleyindia,,recruiter,scraped_personal,True,local:hr_email_csv,local:hr_email_csv,India,2027,Summer 2027,hr_csv_scout_domain_match,2026-06-25T08:20:32+00:00
brijesh.sequeira@mphasis.com,,Mphasis,mphasis,,recruiter,scraped_personal,True,local:hr_email_csv,local:hr_email_csv,India,2027,Summer 2027,hr_csv_scout_domain_match,2026-06-25T08:20:32+00:00
fasiha.s@mphasis.com,,Mphasis,mphasis,,recruiter,scraped_personal,True,local:hr_email_csv,local:hr_email_csv,India,2027,Summer 2027,hr_csv_scout_domain_match,2026-06-25T08:20:32+00:00
kamal.kapoor@mphasis.com,,Mphasis,mphasis,,recruiter,scraped_personal,True,local:hr_email_csv,local:hr_email_csv,India,2027,Summer 2027,hr_csv_scout_domain_match,2026-06-25T08:20:32+00:00
srinivasarao.b@mphasis.com,,Mphasis,mphasis,,recruiter,scraped_personal,True,local:hr_email_csv,local:hr_email_csv,India,2027,Summer 2027,hr_csv_scout_domain_match,2026-06-25T08:20:32+00:00
swapna.mayappa@mphasis.com,,Mphasis,mphasis,,recruiter,scraped_personal,True,local:hr_email_csv,local:hr_email_csv,India,2027,Summer 2027,hr_csv_scout_domain_match,2026-06-25T08:20:32+00:00
tanya.mannan@mphasis.com,,Mphasis,mphasis,,recruiter,scraped_personal,True,local:hr_email_csv,local:hr_email_csv,India,2027,Summer 2027,hr_csv_scout_domain_match,2026-06-25T08:20:32+00:00
sandeep.ramesh@nxp.com,,NXP Semiconductors,nxpsemiconductors,,recruiter,scraped_personal,True,local:hr_email_csv,local:hr_email_csv,India,2027,Summer 2027,hr_csv_scout_domain_match,2026-06-25T08:20:32+00:00
info.de@nagarro.com,,Nagaro,nagaro,,recruiter,scraped_personal,True,discover:career_portal,https://www.nagarro.com/en/careers,India,2027,Summer 2027,career_portal_scrape,2026-06-25T08:13:11+00:00
info.in@nagarro.com,,Nagaro,nagaro,,recruiter,scraped_personal,True,discover:career_portal,https://www.nagarro.com/en/careers,India,2027,Summer 2027,career_portal_scrape,2026-06-25T08:13:11+00:00
info.jp@nagarro.com,,Nagaro,nagaro,,recruiter,scraped_personal,True,discover:career_portal,https://www.nagarro.com/en/careers,India,2027,Summer 2027,career_portal_scrape,2026-06-25T08:13:11+00:00
info.us@nagarro.com,,Nagaro,nagaro,,recruiter,scraped_personal,True,discover:career_portal,https://www.nagarro.com/en/careers,India,2027,Summer 2027,career_portal_scrape,2026-06-25T08:13:11+00:00
devendra.wankhede@ae.nestle.com,,Nestle,nestle,,recruiter,scraped_personal,True,local:hr_email_csv,local:hr_email_csv,India,2027,Summer 2027,hr_csv_scout_domain_match,2026-06-25T08:20:32+00:00
firas.fattouhi@ae.nestle.com,,Nestle,nestle,,recruiter,scraped_personal,True,local:hr_email_csv,local:hr_email_csv,India,2027,Summer 2027,hr_csv_scout_domain_match,2026-06-25T08:20:32+00:00
mervat.nazmy@ae.nestle.com,,Nestle,nestle,,recruiter,scraped_personal,True,local:hr_email_csv,local:hr_email_csv,India,2027,Summer 2027,hr_csv_scout_domain_match,2026-06-25T08:20:32+00:00
nashwa.ibrahim@ae.nestle.com,,Nestle,nestle,,recruiter,scraped_personal,True,local:hr_email_csv,local:hr_email_csv,India,2027,Summer 2027,hr_csv_scout_domain_match,2026-06-25T08:20:32+00:00
omar.shteiwi@ae.nestle.com,,Nestle,nestle,,recruiter,scraped_personal,True,local:hr_email_csv,local:hr_email_csv,India,2027,Summer 2027,hr_csv_scout_domain_match,2026-06-25T08:20:32+00:00
eric.james@netapp.com,,NetApp,netapp,,recruiter,scraped_personal,True,local:hr_email_csv,local:hr_email_csv,India,2027,Summer 2027,hr_csv_scout_domain_match,2026-06-25T08:20:32+00:00
main.ghazzawi@netapp.com,,NetApp,netapp,,recruiter,scraped_personal,True,local:hr_email_csv,local:hr_email_csv,India,2027,Summer 2027,hr_csv_scout_domain_match,2026-06-25T08:20:32+00:00
shivananda.g@netapp.com,,NetApp,netapp,,recruiter,scraped_personal,True,local:hr_email_csv,local:hr_email_csv,India,2027,Summer 2027,hr_csv_scout_domain_match,2026-06-25T08:20:32+00:00
simon.avinash@netapp.com,,NetApp,netapp,,recruiter,scraped_personal,True,local:hr_email_csv,local:hr_email_csv,India,2027,Summer 2027,hr_csv_scout_domain_match,2026-06-25T08:20:32+00:00
arshad.asghar@oliverwyman.com,,Oliver Wyman,oliverwyman,,recruiter,scraped_personal,True,local:hr_email_csv,local:hr_email_csv,India,2027,Summer 2027,hr_csv_scout_domain_match,2026-06-25T08:20:32+00:00
inas.alkhatib@oliverwyman.com,,Oliver Wyman,oliverwyman,,recruiter,scraped_personal,True,local:hr_email_csv,local:hr_email_csv,India,2027,Summer 2027,hr_csv_scout_domain_match,2026-06-25T08:20:32+00:00
jose.paixao@oliverwyman.com,,Oliver Wyman,oliverwyman,,recruiter,scraped_personal,True,local:hr_email_csv,local:hr_email_csv,India,2027,Summer 2027,hr_csv_scout_domain_match,2026-06-25T08:20:32+00:00
maarten.dewit@oliverwyman.com,,Oliver Wyman,oliverwyman,,recruiter,scraped_personal,True,local:hr_email_csv,local:hr_email_csv,India,2027,Summer 2027,hr_csv_scout_domain_match,2026-06-25T08:20:32+00:00
achappa.bheemaiah@oracle.com,,Oracle India,oracleindia,,recruiter,scraped_personal,True,local:hr_email_csv,local:hr_email_csv,India,2027,Summer 2027,hr_csv_scout_domain_match,2026-06-25T08:20:32+00:00
alaa.fahmy@oracle.com,,Oracle India,oracleindia,,recruiter,scraped_personal,True,local:hr_email_csv,local:hr_email_csv,India,2027,Summer 2027,hr_csv_scout_domain_match,2026-06-25T08:20:32+00:00
amitabh.chaturvedi@oracle.com,,Oracle India,oracleindia,,recruiter,scraped_personal,True,local:hr_email_csv,local:hr_email_csv,India,2027,Summer 2027,hr_csv_scout_domain_match,2026-06-25T08:20:32+00:00
ananth.radhakrishanan@oracle.com,,Oracle India,oracleindia,,recruiter,scraped_personal,True,local:hr_email_csv,local:hr_email_csv,India,2027,Summer 2027,hr_csv_scout_domain_match,2026-06-25T08:20:32+00:00
annie.bird@oracle.com,,Oracle India,oracleindia,,recruiter,scraped_personal,True,local:hr_email_csv,local:hr_email_csv,India,2027,Summer 2027,hr_csv_scout_domain_match,2026-06-25T08:20:32+00:00
arulprakash.arumainathan@oracle.com,,Oracle India,oracleindia,,recruiter,scraped_personal,True,local:hr_email_csv,local:hr_email_csv,India,2027,Summer 2027,hr_csv_scout_domain_match,2026-06-25T08:20:32+00:00
ayman.abouseif@oracle.com,,Oracle India,oracleindia,,recruiter,scraped_personal,True,local:hr_email_csv,local:hr_email_csv,India,2027,Summer 2027,hr_csv_scout_domain_match,2026-06-25T08:20:32+00:00
barrgavi.satishkumar@oracle.com,,Oracle India,oracleindia,,recruiter,scraped_personal,True,local:hr_email_csv,local:hr_email_csv,India,2027,Summer 2027,hr_csv_scout_domain_match,2026-06-25T08:20:32+00:00
basel.samara@oracle.com,,Oracle India,oracleindia,,recruiter,scraped_personal,True,local:hr_email_csv,local:hr_email_csv,India,2027,Summer 2027,hr_csv_scout_domain_match,2026-06-25T08:20:32+00:00
crystal.antony@oracle.com,,Oracle India,oracleindia,,recruiter,scraped_personal,True,local:hr_email_csv,local:hr_email_csv,India,2027,Summer 2027,hr_csv_scout_domain_match,2026-06-25T08:20:32+00:00
dana.murugan@oracle.com,,Oracle India,oracleindia,,recruiter,scraped_personal,True,local:hr_email_csv,local:hr_email_csv,India,2027,Summer 2027,hr_csv_scout_domain_match,2026-06-25T08:20:32+00:00
dhavala.subbanna@oracle.com,,Oracle India,oracleindia,,recruiter,scraped_personal,True,local:hr_email_csv,local:hr_email_csv,India,2027,Summer 2027,hr_csv_scout_domain_match,2026-06-25T08:20:32+00:00
dinu.nanjappa@oracle.com,,Oracle India,oracleindia,,recruiter,scraped_personal,True,local:hr_email_csv,local:hr_email_csv,India,2027,Summer 2027,hr_csv_scout_domain_match,2026-06-25T08:20:32+00:00
eleni.sarantinou@oracle.com,,Oracle India,oracleindia,,recruiter,scraped_personal,True,local:hr_email_csv,local:hr_email_csv,India,2027,Summer 2027,hr_csv_scout_domain_match,2026-06-25T08:20:32+00:00
fadi.saad@oracle.com,,Oracle India,oracleindia,,recruiter,scraped_personal,True,local:hr_email_csv,local:hr_email_csv,India,2027,Summer 2027,hr_csv_scout_domain_match,2026-06-25T08:20:32+00:00
harish.muniraju@oracle.com,,Oracle India,oracleindia,,recruiter,scraped_personal,True,local:hr_email_csv,local:hr_email_csv,India,2027,Summer 2027,hr_csv_scout_domain_match,2026-06-25T08:20:32+00:00
hisham.esaadi@oracle.com,,Oracle India,oracleindia,,recruiter,scraped_personal,True,local:hr_email_csv,local:hr_email_csv,India,2027,Summer 2027,hr_csv_scout_domain_match,2026-06-25T08:20:32+00:00
husam.dajani@oracle.com,,Oracle India,oracleindia,,recruiter,scraped_personal,True,local:hr_email_csv,local:hr_email_csv,India,2027,Summer 2027,hr_csv_scout_domain_match,2026-06-25T08:20:32+00:00
jean-claude.bejjani@oracle.com,,Oracle India,oracleindia,,recruiter,scraped_personal,True,local:hr_email_csv,local:hr_email_csv,India,2027,Summer 2027,hr_csv_scout_domain_match,2026-06-25T08:20:32+00:00
karin.belbelian@oracle.com,,Oracle India,oracleindia,,recruiter,scraped_personal,True,local:hr_email_csv,local:hr_email_csv,India,2027,Summer 2027,hr_csv_scout_domain_match,2026-06-25T08:20:32+00:00
kasem.fares@oracle.com,,Oracle India,oracleindia,,recruiter,scraped_personal,True,local:hr_email_csv,local:hr_email_csv,India,2027,Summer 2027,hr_csv_scout_domain_match,2026-06-25T08:20:32+00:00
khaled.hamdy@oracle.com,,Oracle India,oracleindia,,recruiter,scraped_personal,True,local:hr_email_csv,local:hr_email_csv,India,2027,Summer 2027,hr_csv_scout_domain_match,2026-06-25T08:20:32+00:00
lairine.reodica@oracle.com,,Oracle India,oracleindia,,recruiter,scraped_personal,True,local:hr_email_csv,local:hr_email_csv,India,2027,Summer 2027,hr_csv_scout_domain_match,2026-06-25T08:20:32+00:00
laxmi.anand@oracle.com,,Oracle India,oracleindia,,recruiter,scraped_personal,True,local:hr_email_csv,local:hr_email_csv,India,2027,Summer 2027,hr_csv_scout_domain_match,2026-06-25T08:20:32+00:00
lisa.duignan@oracle.com,,Oracle India,oracleindia,,recruiter,scraped_personal,True,local:hr_email_csv,local:hr_email_csv,India,2027,Summer 2027,hr_csv_scout_domain_match,2026-06-25T08:20:32+00:00
lisha.joseph@oracle.com,,Oracle India,oracleindia,,recruiter,scraped_personal,True,local:hr_email_csv,local:hr_email_csv,India,2027,Summer 2027,hr_csv_scout_domain_match,2026-06-25T08:20:32+00:00
manuel.makki@oracle.com,,Oracle India,oracleindia,,recruiter,scraped_personal,True,local:hr_email_csv,local:hr_email_csv,India,2027,Summer 2027,hr_csv_scout_domain_match,2026-06-25T08:20:32+00:00
maricel.yambot@oracle.com,,Oracle India,oracleindia,,recruiter,scraped_personal,True,local:hr_email_csv,local:hr_email_csv,India,2027,Summer 2027,hr_csv_scout_domain_match,2026-06-25T08:20:32+00:00
meera.manek@oracle.com,,Oracle India,oracleindia,,recruiter,scraped_personal,True,local:hr_email_csv,local:hr_email_csv,India,2027,Summer 2027,hr_csv_scout_domain_match,2026-06-25T08:20:32+00:00
mohammed.metani@oracle.com,,Oracle India,oracleindia,,recruiter,scraped_personal,True,local:hr_email_csv,local:hr_email_csv,India,2027,Summer 2027,hr_csv_scout_domain_match,2026-06-25T08:20:32+00:00
nanditha.sudhindra@oracle.com,,Oracle India,oracleindia,,recruiter,scraped_personal,True,local:hr_email_csv,local:hr_email_csv,India,2027,Summer 2027,hr_csv_scout_domain_match,2026-06-25T08:20:32+00:00
nasir.bashir@oracle.com,,Oracle India,oracleindia,,recruiter,scraped_personal,True,local:hr_email_csv,local:hr_email_csv,India,2027,Summer 2027,hr_csv_scout_domain_match,2026-06-25T08:20:32+00:00
naveen.vemula@oracle.com,,Oracle India,oracleindia,,recruiter,scraped_personal,True,web:devblogger_verified,https://www.devblogger.in/blogs/hr-email-directory-top-500-indian-companies,India,2027,Summer 2027,web_directory_mx_verified,2026-06-25T07:51:04+00:00
noreen.khalifa@oracle.com,,Oracle India,oracleindia,,recruiter,scraped_personal,True,local:hr_email_csv,local:hr_email_csv,India,2027,Summer 2027,hr_csv_scout_domain_match,2026-06-25T08:20:32+00:00
pradeep.chigurupati@oracle.com,,Oracle India,oracleindia,,recruiter,scraped_personal,True,local:hr_email_csv,local:hr_email_csv,India,2027,Summer 2027,hr_csv_scout_domain_match,2026-06-25T08:20:32+00:00
rajendra.p.prasad@oracle.com,,Oracle India,oracleindia,,recruiter,scraped_personal,True,local:hr_email_csv,local:hr_email_csv,India,2027,Summer 2027,hr_csv_scout_domain_match,2026-06-25T08:20:32+00:00
ravikanth.revuru@oracle.com,,Oracle India,oracleindia,,recruiter,scraped_personal,True,local:hr_email_csv,local:hr_email_csv,India,2027,Summer 2027,hr_csv_scout_domain_match,2026-06-25T08:20:32+00:00
rexie.rushdy@oracle.com,,Oracle India,oracleindia,,recruiter,scraped_personal,True,local:hr_email_csv,local:hr_email_csv,India,2027,Summer 2027,hr_csv_scout_domain_match,2026-06-25T08:20:32+00:00
saleem.jokhadar@oracle.com,,Oracle India,oracleindia,,recruiter,scraped_personal,True,local:hr_email_csv,local:hr_email_csv,India,2027,Summer 2027,hr_csv_scout_domain_match,2026-06-25T08:20:32+00:00
sameera.tahseen@oracle.com,,Oracle India,oracleindia,,recruiter,scraped_personal,True,local:hr_email_csv,local:hr_email_csv,India,2027,Summer 2027,hr_csv_scout_domain_match,2026-06-25T08:20:32+00:00
sandeep.goyal@oracle.com,,Oracle India,oracleindia,,recruiter,scraped_personal,True,local:hr_email_csv,local:hr_email_csv,India,2027,Summer 2027,hr_csv_scout_domain_match,2026-06-25T08:20:32+00:00
sarala.kona@oracle.com,,Oracle India,oracleindia,,recruiter,scraped_personal,True,local:hr_email_csv,local:hr_email_csv,India,2027,Summer 2027,hr_csv_scout_domain_match,2026-06-25T08:20:32+00:00
saritha.aradhyula@oracle.com,,Oracle India,oracleindia,,recruiter,scraped_personal,True,local:hr_email_csv,local:hr_email_csv,India,2027,Summer 2027,hr_csv_scout_domain_match,2026-06-25T08:20:32+00:00
sarvana.ompraksh@oracle.com,,Oracle India,oracleindia,,recruiter,scraped_personal,True,local:hr_email_csv,local:hr_email_csv,India,2027,Summer 2027,hr_csv_scout_domain_match,2026-06-25T08:20:32+00:00
savita.hortikar@oracle.com,,Oracle India,oracleindia,,recruiter,scraped_personal,True,local:hr_email_csv,local:hr_email_csv,India,2027,Summer 2027,hr_csv_scout_domain_match,2026-06-25T08:20:32+00:00
sbutah.santhos@oracle.com,,Oracle India,oracleindia,,recruiter,scraped_personal,True,local:hr_email_csv,local:hr_email_csv,India,2027,Summer 2027,hr_csv_scout_domain_match,2026-06-25T08:20:32+00:00
sheshashila.renukuntla@oracle.com,,Oracle India,oracleindia,,recruiter,scraped_personal,True,local:hr_email_csv,local:hr_email_csv,India,2027,Summer 2027,hr_csv_scout_domain_match,2026-06-25T08:20:32+00:00
siva.machiraju@oracle.com,,Oracle India,oracleindia,,recruiter,scraped_personal,True,local:hr_email_csv,local:hr_email_csv,India,2027,Summer 2027,hr_csv_scout_domain_match,2026-06-25T08:20:32+00:00
smitha.shanbag@oracle.com,,Oracle India,oracleindia,,recruiter,scraped_personal,True,local:hr_email_csv,local:hr_email_csv,India,2027,Summer 2027,hr_csv_scout_domain_match,2026-06-25T08:20:32+00:00
smitha.tekur@oracle.com,,Oracle India,oracleindia,,recruiter,scraped_personal,True,local:hr_email_csv,local:hr_email_csv,India,2027,Summer 2027,hr_csv_scout_domain_match,2026-06-25T08:20:32+00:00
suman.rajeev@oracle.com,,Oracle India,oracleindia,,recruiter,scraped_personal,True,web:devblogger_verified,https://www.devblogger.in/blogs/hr-email-directory-top-500-indian-companies,India,2027,Summer 2027,web_directory_mx_verified,2026-06-25T07:51:04+00:00
sunil.deo@oracle.com,,Oracle India,oracleindia,,recruiter,scraped_personal,True,local:hr_email_csv,local:hr_email_csv,India,2027,Summer 2027,hr_csv_scout_domain_match,2026-06-25T08:20:32+00:00
suresh.p.kumar@oracle.com,,Oracle India,oracleindia,,recruiter,scraped_personal,True,local:hr_email_csv,local:hr_email_csv,India,2027,Summer 2027,hr_csv_scout_domain_match,2026-06-25T08:20:32+00:00
tarek.gamal@oracle.com,,Oracle India,oracleindia,,recruiter,scraped_personal,True,local:hr_email_csv,local:hr_email_csv,India,2027,Summer 2027,hr_csv_scout_domain_match,2026-06-25T08:20:32+00:00
trilok.nuwal@oracle.com,,Oracle India,oracleindia,,recruiter,scraped_personal,True,local:hr_email_csv,local:hr_email_csv,India,2027,Summer 2027,hr_csv_scout_domain_match,2026-06-25T08:20:32+00:00
walid.gebaly@oracle.com,,Oracle India,oracleindia,,recruiter,scraped_personal,True,local:hr_email_csv,local:hr_email_csv,India,2027,Summer 2027,hr_csv_scout_domain_match,2026-06-25T08:20:32+00:00
r.chandrasi1996@gmail.com,,PayPal,paypal,,hr_inbox,scraped_personal,True,web:substack_verified,https://atozplacementkit.substack.com/p/hr-emails-of-50-companies,India,2027,Summer 2027,web_directory_mx_verified,2026-06-25T07:51:04+00:00
chinmay.kulkarni@phonepe.com,,PhonePe Switch,phonepeswitch,,recruiter,scraped_personal,True,web:substack_verified,https://atozplacementkit.substack.com/p/hr-emails-of-50-companies,India,2027,Summer 2027,web_directory_mx_verified,2026-06-25T07:51:04+00:00
gowthami.bs@phonepe.com,,PhonePe Switch,phonepeswitch,,recruiter,scraped_personal,True,web:substack_verified,https://atozplacementkit.substack.com/p/hr-emails-of-50-companies,India,2027,Summer 2027,web_directory_mx_verified,2026-06-25T07:51:04+00:00
naved.nadeem@phonepe.com,,PhonePe Switch,phonepeswitch,,recruiter,scraped_personal,True,web:substack_verified,https://atozplacementkit.substack.com/p/hr-emails-of-50-companies,India,2027,Summer 2027,web_directory_mx_verified,2026-06-25T07:51:04+00:00
shivani.sahraot@phonepe.com,,PhonePe Switch,phonepeswitch,,recruiter,scraped_personal,True,web:substack_verified,https://atozplacementkit.substack.com/p/hr-emails-of-50-companies,India,2027,Summer 2027,web_directory_mx_verified,2026-06-25T07:51:04+00:00
prakriti.goel@pw.live,,PhysicsWallah,physicswallah,,recruiter,scraped_personal,True,web:substack_verified,https://atozplacementkit.substack.com/p/hr-emails-of-50-companies,India,2027,Summer 2027,web_directory_mx_verified,2026-06-25T07:51:04+00:00
andrew.polley@rbc.com,,RBC Capital Markets,rbccapitalmarkets,,recruiter,scraped_personal,True,local:hr_email_csv,local:hr_email_csv,India,2027,Summer 2027,hr_csv_scout_domain_match,2026-06-25T08:20:32+00:00
1.g2-best-software-top-50-hr-products@2x.webp,,Remote,remote,,recruiter,scraped_personal,True,discover:career_portal,https://remote.com/campus,India,2027,Summer 2027,career_portal_scrape,2026-06-25T08:13:11+00:00
arpitha.bs@sap.com,,SAP,sap,,recruiter,scraped_personal,True,local:hr_email_csv,local:hr_email_csv,India,2027,Summer 2027,hr_csv_scout_domain_match,2026-06-25T08:20:32+00:00
ashish.garg@sap.com,,SAP,sap,,recruiter,scraped_personal,True,local:hr_email_csv,local:hr_email_csv,India,2027,Summer 2027,hr_csv_scout_domain_match,2026-06-25T08:20:32+00:00
javid.hussain@sap.com,,SAP,sap,,recruiter,scraped_personal,True,local:hr_email_csv,local:hr_email_csv,India,2027,Summer 2027,hr_csv_scout_domain_match,2026-06-25T08:20:32+00:00
michael.junge@sap.com,,SAP,sap,,recruiter,scraped_personal,True,local:hr_email_csv,local:hr_email_csv,India,2027,Summer 2027,hr_csv_scout_domain_match,2026-06-25T08:20:32+00:00
priangsi.bhattacharyya@sap.com,,SAP,sap,,recruiter,scraped_personal,True,local:hr_email_csv,local:hr_email_csv,India,2027,Summer 2027,hr_csv_scout_domain_match,2026-06-25T08:20:32+00:00
rupa.g@sap.com,,SAP,sap,,recruiter,scraped_personal,True,local:hr_email_csv,local:hr_email_csv,India,2027,Summer 2027,hr_csv_scout_domain_match,2026-06-25T08:20:32+00:00
sanjukta.sarkar@sap.com,,SAP,sap,,recruiter,scraped_personal,True,web:devblogger_verified,https://www.devblogger.in/blogs/hr-email-directory-top-500-indian-companies,India,2027,Summer 2027,web_directory_mx_verified,2026-06-25T07:51:04+00:00
sergio.maccotta@sap.com,,SAP,sap,,recruiter,scraped_personal,True,local:hr_email_csv,local:hr_email_csv,India,2027,Summer 2027,hr_csv_scout_domain_match,2026-06-25T08:20:32+00:00
sheela.venkatesh@sap.com,,SAP,sap,,recruiter,scraped_personal,True,local:hr_email_csv,local:hr_email_csv,India,2027,Summer 2027,hr_csv_scout_domain_match,2026-06-25T08:20:32+00:00
sunitha.rm@sap.com,,SAP,sap,,recruiter,scraped_personal,True,local:hr_email_csv,local:hr_email_csv,India,2027,Summer 2027,hr_csv_scout_domain_match,2026-06-25T08:20:32+00:00
vijay.venkatraman@sap.com,,SAP,sap,,recruiter,scraped_personal,True,local:hr_email_csv,local:hr_email_csv,India,2027,Summer 2027,hr_csv_scout_domain_match,2026-06-25T08:20:32+00:00
kamel.beyk@eur.sas.com,,SAS,sas,,recruiter,scraped_personal,True,local:hr_email_csv,local:hr_email_csv,India,2027,Summer 2027,hr_csv_scout_domain_match,2026-06-25T08:20:32+00:00
mohammed.farhatullah@eur.sas.com,,SAS,sas,,recruiter,scraped_personal,True,local:hr_email_csv,local:hr_email_csv,India,2027,Summer 2027,hr_csv_scout_domain_match,2026-06-25T08:20:32+00:00
abrar.munir@samsung.com,,Samsung R&D,samsungrd,,recruiter,scraped_personal,True,local:hr_email_csv,local:hr_email_csv,India,2027,Summer 2027,hr_csv_scout_domain_match,2026-06-25T08:20:32+00:00
anitha.pinto@samsung.com,,Samsung R&D,samsungrd,,recruiter,scraped_personal,True,local:hr_email_csv,local:hr_email_csv,India,2027,Summer 2027,hr_csv_scout_domain_match,2026-06-25T08:20:32+00:00
botha.cleone@samsung.com,,Samsung R&D,samsungrd,,recruiter,scraped_personal,True,local:hr_email_csv,local:hr_email_csv,India,2027,Summer 2027,hr_csv_scout_domain_match,2026-06-25T08:20:32+00:00
career.sr@samsung.com,,Samsung R&D,samsungrd,,recruiter,scraped_personal,True,discover:career_portal,https://research.samsung.com/careers,India,2027,Summer 2027,career_portal_scrape,2026-06-25T08:13:11+00:00
careers.srib@samsung.com,,Samsung R&D,samsungrd,,recruiter,scraped_personal,True,discover:career_portal,https://research.samsung.com/careers,India,2027,Summer 2027,career_portal_scrape,2026-06-25T08:13:11+00:00
debabrata.h@samsung.com,,Samsung R&D,samsungrd,,recruiter,scraped_personal,True,local:hr_email_csv,local:hr_email_csv,India,2027,Summer 2027,hr_csv_scout_domain_match,2026-06-25T08:20:32+00:00
dev.av@samsung.com,,Samsung R&D,samsungrd,,recruiter,scraped_personal,True,local:hr_email_csv,local:hr_email_csv,India,2027,Summer 2027,hr_csv_scout_domain_match,2026-06-25T08:20:32+00:00
h.namkoong@samsung.com,,Samsung R&D,samsungrd,,recruiter,scraped_personal,True,local:hr_email_csv,local:hr_email_csv,India,2027,Summer 2027,hr_csv_scout_domain_match,2026-06-25T08:20:32+00:00
harvin.stanley@samsung.com,,Samsung R&D,samsungrd,,recruiter,scraped_personal,True,local:hr_email_csv,local:hr_email_csv,India,2027,Summer 2027,hr_csv_scout_domain_match,2026-06-25T08:20:32+00:00
jh8848.kim@samsung.com,,Samsung R&D,samsungrd,,recruiter,scraped_personal,True,local:hr_email_csv,local:hr_email_csv,India,2027,Summer 2027,hr_csv_scout_domain_match,2026-06-25T08:20:32+00:00
jhl357.park@samsung.com,,Samsung R&D,samsungrd,,recruiter,scraped_personal,True,local:hr_email_csv,local:hr_email_csv,India,2027,Summer 2027,hr_csv_scout_domain_match,2026-06-25T08:20:32+00:00
khalil.s@samsung.com,,Samsung R&D,samsungrd,,recruiter,scraped_personal,True,local:hr_email_csv,local:hr_email_csv,India,2027,Summer 2027,hr_csv_scout_domain_match,2026-06-25T08:20:32+00:00
marjorie.angeles@samsung.com,,Samsung R&D,samsungrd,,recruiter,scraped_personal,True,local:hr_email_csv,local:hr_email_csv,India,2027,Summer 2027,hr_csv_scout_domain_match,2026-06-25T08:20:32+00:00
mohammad.j@samsung.com,,Samsung R&D,samsungrd,,recruiter,scraped_personal,True,local:hr_email_csv,local:hr_email_csv,India,2027,Summer 2027,hr_csv_scout_domain_match,2026-06-25T08:20:32+00:00
okkyun.shin@samsung.com,,Samsung R&D,samsungrd,,recruiter,scraped_personal,True,local:hr_email_csv,local:hr_email_csv,India,2027,Summer 2027,hr_csv_scout_domain_match,2026-06-25T08:20:32+00:00
prm.sge@samsung.com,,Samsung R&D,samsungrd,,recruiter,scraped_personal,True,local:hr_email_csv,local:hr_email_csv,India,2027,Summer 2027,hr_csv_scout_domain_match,2026-06-25T08:20:32+00:00
ranjith.p@samsung.com,,Samsung R&D,samsungrd,,recruiter,scraped_personal,True,local:hr_email_csv,local:hr_email_csv,India,2027,Summer 2027,hr_csv_scout_domain_match,2026-06-25T08:20:32+00:00
recruit.bst@samsung.com,,Samsung R&D,samsungrd,,recruiter,scraped_personal,True,discover:career_portal,https://research.samsung.com/careers,India,2027,Summer 2027,career_portal_scrape,2026-06-25T08:13:11+00:00
recruitment.srbd@samsung.com,,Samsung R&D,samsungrd,,recruiter,scraped_personal,True,discover:career_portal,https://research.samsung.com/careers,India,2027,Summer 2027,career_portal_scrape,2026-06-25T08:13:11+00:00
rnd.hr@samsung.com,,Samsung R&D,samsungrd,,recruiter,scraped_personal,True,discover:career_portal,https://research.samsung.com/careers,India,2027,Summer 2027,career_portal_scrape,2026-06-25T08:13:11+00:00
scrc.hr@samsung.com,,Samsung R&D,samsungrd,,recruiter,scraped_personal,True,discover:career_portal,https://research.samsung.com/careers,India,2027,Summer 2027,career_portal_scrape,2026-06-25T08:13:11+00:00
sril.career@samsung.com,,Samsung R&D,samsungrd,,recruiter,scraped_personal,True,discover:career_portal,https://research.samsung.com/careers,India,2027,Summer 2027,career_portal_scrape,2026-06-25T08:13:11+00:00
srukr.hr@samsung.com,,Samsung R&D,samsungrd,,recruiter,scraped_personal,True,discover:career_portal,https://research.samsung.com/careers,India,2027,Summer 2027,career_portal_scrape,2026-06-25T08:13:11+00:00
stan.shin@samsung.com,,Samsung R&D,samsungrd,,recruiter,scraped_personal,True,local:hr_email_csv,local:hr_email_csv,India,2027,Summer 2027,hr_csv_scout_domain_match,2026-06-25T08:20:32+00:00
sudhin.k@samsung.com,,Samsung R&D,samsungrd,,recruiter,scraped_personal,True,local:hr_email_csv,local:hr_email_csv,India,2027,Summer 2027,hr_csv_scout_domain_match,2026-06-25T08:20:32+00:00
vanaja.menon@samsung.com,,Samsung R&D,samsungrd,,recruiter,scraped_personal,True,local:hr_email_csv,local:hr_email_csv,India,2027,Summer 2027,hr_csv_scout_domain_match,2026-06-25T08:20:32+00:00
ahmed.zalzala@siemens.com,,Siemens,siemens,,recruiter,scraped_personal,True,local:hr_email_csv,local:hr_email_csv,India,2027,Summer 2027,hr_csv_scout_domain_match,2026-06-25T08:20:32+00:00
ajit.vaz@siemens.com,,Siemens,siemens,,recruiter,scraped_personal,True,local:hr_email_csv,local:hr_email_csv,India,2027,Summer 2027,hr_csv_scout_domain_match,2026-06-25T08:20:32+00:00
akos.banyo.ext@siemens.com,,Siemens,siemens,,recruiter,scraped_personal,True,local:hr_email_csv,local:hr_email_csv,India,2027,Summer 2027,hr_csv_scout_domain_match,2026-06-25T08:20:32+00:00
alia.rifai@siemens.com,,Siemens,siemens,,recruiter,scraped_personal,True,local:hr_email_csv,local:hr_email_csv,India,2027,Summer 2027,hr_csv_scout_domain_match,2026-06-25T08:20:32+00:00
andreas.redinger@siemens.com,,Siemens,siemens,,recruiter,scraped_personal,True,local:hr_email_csv,local:hr_email_csv,India,2027,Summer 2027,hr_csv_scout_domain_match,2026-06-25T08:20:32+00:00
annie.joe@siemens.com,,Siemens,siemens,,recruiter,scraped_personal,True,local:hr_email_csv,local:hr_email_csv,India,2027,Summer 2027,hr_csv_scout_domain_match,2026-06-25T08:20:32+00:00
aparna.george@siemens.com,,Siemens,siemens,,recruiter,scraped_personal,True,local:hr_email_csv,local:hr_email_csv,India,2027,Summer 2027,hr_csv_scout_domain_match,2026-06-25T08:20:32+00:00
axel.wetter@siemens.com,,Siemens,siemens,,recruiter,scraped_personal,True,local:hr_email_csv,local:hr_email_csv,India,2027,Summer 2027,hr_csv_scout_domain_match,2026-06-25T08:20:32+00:00
azimuddin.fasihi@siemens.com,,Siemens,siemens,,recruiter,scraped_personal,True,local:hr_email_csv,local:hr_email_csv,India,2027,Summer 2027,hr_csv_scout_domain_match,2026-06-25T08:20:32+00:00
birgit.pommert@siemens.com,,Siemens,siemens,,recruiter,scraped_personal,True,local:hr_email_csv,local:hr_email_csv,India,2027,Summer 2027,hr_csv_scout_domain_match,2026-06-25T08:20:32+00:00
corinna.klose@siemens.com,,Siemens,siemens,,recruiter,scraped_personal,True,local:hr_email_csv,local:hr_email_csv,India,2027,Summer 2027,hr_csv_scout_domain_match,2026-06-25T08:20:32+00:00
daniel.rizescu@siemens.com,,Siemens,siemens,,recruiter,scraped_personal,True,local:hr_email_csv,local:hr_email_csv,India,2027,Summer 2027,hr_csv_scout_domain_match,2026-06-25T08:20:32+00:00
dedy.kandiagiry@siemens.com,,Siemens,siemens,,recruiter,scraped_personal,True,local:hr_email_csv,local:hr_email_csv,India,2027,Summer 2027,hr_csv_scout_domain_match,2026-06-25T08:20:32+00:00
edna.jaycinth@siemens.com,,Siemens,siemens,,recruiter,scraped_personal,True,local:hr_email_csv,local:hr_email_csv,India,2027,Summer 2027,hr_csv_scout_domain_match,2026-06-25T08:20:32+00:00
friederike.oehlerking@siemens.com,,Siemens,siemens,,recruiter,scraped_personal,True,local:hr_email_csv,local:hr_email_csv,India,2027,Summer 2027,hr_csv_scout_domain_match,2026-06-25T08:20:32+00:00
gaurav.handa@siemens.com,,Siemens,siemens,,recruiter,scraped_personal,True,local:hr_email_csv,local:hr_email_csv,India,2027,Summer 2027,hr_csv_scout_domain_match,2026-06-25T08:20:32+00:00
gifty.joy.ext@siemens.com,,Siemens,siemens,,recruiter,scraped_personal,True,local:hr_email_csv,local:hr_email_csv,India,2027,Summer 2027,hr_csv_scout_domain_match,2026-06-25T08:20:32+00:00
harish.gaur@siemens.com,,Siemens,siemens,,recruiter,scraped_personal,True,local:hr_email_csv,local:hr_email_csv,India,2027,Summer 2027,hr_csv_scout_domain_match,2026-06-25T08:20:32+00:00
hassan.elbanna@siemens.com,,Siemens,siemens,,recruiter,scraped_personal,True,local:hr_email_csv,local:hr_email_csv,India,2027,Summer 2027,hr_csv_scout_domain_match,2026-06-25T08:20:32+00:00
heinrich.wunram@siemens.com,,Siemens,siemens,,recruiter,scraped_personal,True,local:hr_email_csv,local:hr_email_csv,India,2027,Summer 2027,hr_csv_scout_domain_match,2026-06-25T08:20:32+00:00
helmut.vonstruve@siemens.com,,Siemens,siemens,,recruiter,scraped_personal,True,local:hr_email_csv,local:hr_email_csv,India,2027,Summer 2027,hr_csv_scout_domain_match,2026-06-25T08:20:32+00:00
istvan.komjad.ext@siemens.com,,Siemens,siemens,,recruiter,scraped_personal,True,local:hr_email_csv,local:hr_email_csv,India,2027,Summer 2027,hr_csv_scout_domain_match,2026-06-25T08:20:32+00:00
iyad.ghanem@siemens.com,,Siemens,siemens,,recruiter,scraped_personal,True,local:hr_email_csv,local:hr_email_csv,India,2027,Summer 2027,hr_csv_scout_domain_match,2026-06-25T08:20:32+00:00
jacob.samuel@siemens.com,,Siemens,siemens,,recruiter,scraped_personal,True,local:hr_email_csv,local:hr_email_csv,India,2027,Summer 2027,hr_csv_scout_domain_match,2026-06-25T08:20:32+00:00
jennifer.ballesil@siemens.com,,Siemens,siemens,,recruiter,scraped_personal,True,local:hr_email_csv,local:hr_email_csv,India,2027,Summer 2027,hr_csv_scout_domain_match,2026-06-25T08:20:32+00:00
jens-uwe.harder@siemens.com,,Siemens,siemens,,recruiter,scraped_personal,True,local:hr_email_csv,local:hr_email_csv,India,2027,Summer 2027,hr_csv_scout_domain_match,2026-06-25T08:20:32+00:00
johan.reynaert@siemens.com,,Siemens,siemens,,recruiter,scraped_personal,True,local:hr_email_csv,local:hr_email_csv,India,2027,Summer 2027,hr_csv_scout_domain_match,2026-06-25T08:20:32+00:00
jorgen.larsson@siemens.com,,Siemens,siemens,,recruiter,scraped_personal,True,local:hr_email_csv,local:hr_email_csv,India,2027,Summer 2027,hr_csv_scout_domain_match,2026-06-25T08:20:32+00:00
joseph.m.thomas@siemens.com,,Siemens,siemens,,recruiter,scraped_personal,True,local:hr_email_csv,local:hr_email_csv,India,2027,Summer 2027,hr_csv_scout_domain_match,2026-06-25T08:20:32+00:00
juniorprofessionals.in@siemens.com,,Siemens,siemens,,recruiter,scraped_personal,True,local:hr_email_csv,local:hr_email_csv,India,2027,Summer 2027,hr_csv_scout_domain_match,2026-06-25T08:20:32+00:00
kamal.majid@siemens.com,,Siemens,siemens,,recruiter,scraped_personal,True,local:hr_email_csv,local:hr_email_csv,India,2027,Summer 2027,hr_csv_scout_domain_match,2026-06-25T08:20:32+00:00
krishna.prasad@siemens.com,,Siemens,siemens,,recruiter,scraped_personal,True,local:hr_email_csv,local:hr_email_csv,India,2027,Summer 2027,hr_csv_scout_domain_match,2026-06-25T08:20:32+00:00
kurt.desimpelaere@siemens.com,,Siemens,siemens,,recruiter,scraped_personal,True,local:hr_email_csv,local:hr_email_csv,India,2027,Summer 2027,hr_csv_scout_domain_match,2026-06-25T08:20:32+00:00
madhvi.kumar@siemens.com,,Siemens,siemens,,recruiter,scraped_personal,True,local:hr_email_csv,local:hr_email_csv,India,2027,Summer 2027,hr_csv_scout_domain_match,2026-06-25T08:20:32+00:00
manish.dhareshwar@siemens.com,,Siemens,siemens,,recruiter,scraped_personal,True,local:hr_email_csv,local:hr_email_csv,India,2027,Summer 2027,hr_csv_scout_domain_match,2026-06-25T08:20:32+00:00
marie-claire.rees@siemens.com,,Siemens,siemens,,recruiter,scraped_personal,True,local:hr_email_csv,local:hr_email_csv,India,2027,Summer 2027,hr_csv_scout_domain_match,2026-06-25T08:20:32+00:00
markben.martinez@siemens.com,,Siemens,siemens,,recruiter,scraped_personal,True,local:hr_email_csv,local:hr_email_csv,India,2027,Summer 2027,hr_csv_scout_domain_match,2026-06-25T08:20:32+00:00
may.husseiny@siemens.com,,Siemens,siemens,,recruiter,scraped_personal,True,local:hr_email_csv,local:hr_email_csv,India,2027,Summer 2027,hr_csv_scout_domain_match,2026-06-25T08:20:32+00:00
mitchel.mesina@siemens.com,,Siemens,siemens,,recruiter,scraped_personal,True,local:hr_email_csv,local:hr_email_csv,India,2027,Summer 2027,hr_csv_scout_domain_match,2026-06-25T08:20:32+00:00
mohammed.ibrahim@siemens.com,,Siemens,siemens,,recruiter,scraped_personal,True,local:hr_email_csv,local:hr_email_csv,India,2027,Summer 2027,hr_csv_scout_domain_match,2026-06-25T08:20:32+00:00
muhammad.khaleeq@siemens.com,,Siemens,siemens,,recruiter,scraped_personal,True,local:hr_email_csv,local:hr_email_csv,India,2027,Summer 2027,hr_csv_scout_domain_match,2026-06-25T08:20:32+00:00
muhammad.khashan@siemens.com,,Siemens,siemens,,recruiter,scraped_personal,True,local:hr_email_csv,local:hr_email_csv,India,2027,Summer 2027,hr_csv_scout_domain_match,2026-06-25T08:20:32+00:00
murat.coban@siemens.com,,Siemens,siemens,,recruiter,scraped_personal,True,local:hr_email_csv,local:hr_email_csv,India,2027,Summer 2027,hr_csv_scout_domain_match,2026-06-25T08:20:32+00:00
nella.fernandes@siemens.com,,Siemens,siemens,,recruiter,scraped_personal,True,local:hr_email_csv,local:hr_email_csv,India,2027,Summer 2027,hr_csv_scout_domain_match,2026-06-25T08:20:32+00:00
patrick.neddermeyer@siemens.com,,Siemens,siemens,,recruiter,scraped_personal,True,local:hr_email_csv,local:hr_email_csv,India,2027,Summer 2027,hr_csv_scout_domain_match,2026-06-25T08:20:32+00:00
prakash.hemmadi@siemens.com,,Siemens,siemens,,recruiter,scraped_personal,True,local:hr_email_csv,local:hr_email_csv,India,2027,Summer 2027,hr_csv_scout_domain_match,2026-06-25T08:20:32+00:00
prince.denzil@siemens.com,,Siemens,siemens,,recruiter,scraped_personal,True,local:hr_email_csv,local:hr_email_csv,India,2027,Summer 2027,hr_csv_scout_domain_match,2026-06-25T08:20:32+00:00
priyanka.tiwari@siemens.com,,Siemens,siemens,,recruiter,scraped_personal,True,local:hr_email_csv,local:hr_email_csv,India,2027,Summer 2027,hr_csv_scout_domain_match,2026-06-25T08:20:32+00:00
quid.jowhar@siemens.com,,Siemens,siemens,,recruiter,scraped_personal,True,local:hr_email_csv,local:hr_email_csv,India,2027,Summer 2027,hr_csv_scout_domain_match,2026-06-25T08:20:32+00:00
rahulan.gangadharan@siemens.com,,Siemens,siemens,,recruiter,scraped_personal,True,local:hr_email_csv,local:hr_email_csv,India,2027,Summer 2027,hr_csv_scout_domain_match,2026-06-25T08:20:32+00:00
rainer.fuchs@siemens.com,,Siemens,siemens,,recruiter,scraped_personal,True,local:hr_email_csv,local:hr_email_csv,India,2027,Summer 2027,hr_csv_scout_domain_match,2026-06-25T08:20:32+00:00
raksha.nm@siemens.com,,Siemens,siemens,,recruiter,scraped_personal,True,local:hr_email_csv,local:hr_email_csv,India,2027,Summer 2027,hr_csv_scout_domain_match,2026-06-25T08:20:32+00:00
rateb.jazairli@siemens.com,,Siemens,siemens,,recruiter,scraped_personal,True,local:hr_email_csv,local:hr_email_csv,India,2027,Summer 2027,hr_csv_scout_domain_match,2026-06-25T08:20:32+00:00
reshma.khan@siemens.com,,Siemens,siemens,,recruiter,scraped_personal,True,local:hr_email_csv,local:hr_email_csv,India,2027,Summer 2027,hr_csv_scout_domain_match,2026-06-25T08:20:32+00:00
robina.mulla.ext@siemens.com,,Siemens,siemens,,recruiter,scraped_personal,True,local:hr_email_csv,local:hr_email_csv,India,2027,Summer 2027,hr_csv_scout_domain_match,2026-06-25T08:20:32+00:00
salman.tayyab@siemens.com,,Siemens,siemens,,recruiter,scraped_personal,True,local:hr_email_csv,local:hr_email_csv,India,2027,Summer 2027,hr_csv_scout_domain_match,2026-06-25T08:20:32+00:00
sandra.kesselaar@siemens.com,,Siemens,siemens,,recruiter,scraped_personal,True,local:hr_email_csv,local:hr_email_csv,India,2027,Summer 2027,hr_csv_scout_domain_match,2026-06-25T08:20:32+00:00
shaila.jajee@siemens.com,,Siemens,siemens,,recruiter,scraped_personal,True,local:hr_email_csv,local:hr_email_csv,India,2027,Summer 2027,hr_csv_scout_domain_match,2026-06-25T08:20:32+00:00
shamyla.iftikhar@siemens.com,,Siemens,siemens,,recruiter,scraped_personal,True,local:hr_email_csv,local:hr_email_csv,India,2027,Summer 2027,hr_csv_scout_domain_match,2026-06-25T08:20:32+00:00
shapethefuture.in@siemens.com,,Siemens,siemens,,recruiter,scraped_personal,True,local:hr_email_csv,local:hr_email_csv,India,2027,Summer 2027,hr_csv_scout_domain_match,2026-06-25T08:20:32+00:00
siemens.ae@siemens.com,,Siemens,siemens,,recruiter,scraped_personal,True,local:hr_email_csv,local:hr_email_csv,India,2027,Summer 2027,hr_csv_scout_domain_match,2026-06-25T08:20:32+00:00
stefanie.klebe@siemens.com,,Siemens,siemens,,recruiter,scraped_personal,True,local:hr_email_csv,local:hr_email_csv,India,2027,Summer 2027,hr_csv_scout_domain_match,2026-06-25T08:20:32+00:00
sujatha.devraj.ext@siemens.com,,Siemens,siemens,,recruiter,scraped_personal,True,local:hr_email_csv,local:hr_email_csv,India,2027,Summer 2027,hr_csv_scout_domain_match,2026-06-25T08:20:32+00:00
sumbul.fatima.ext@siemens.com,,Siemens,siemens,,recruiter,scraped_personal,True,local:hr_email_csv,local:hr_email_csv,India,2027,Summer 2027,hr_csv_scout_domain_match,2026-06-25T08:20:32+00:00
swati.jain.ext@siemens.com,,Siemens,siemens,,recruiter,scraped_personal,True,local:hr_email_csv,local:hr_email_csv,India,2027,Summer 2027,hr_csv_scout_domain_match,2026-06-25T08:20:32+00:00
tamara.elashaal@siemens.com,,Siemens,siemens,,recruiter,scraped_personal,True,local:hr_email_csv,local:hr_email_csv,India,2027,Summer 2027,hr_csv_scout_domain_match,2026-06-25T08:20:32+00:00
vikram.aggarwal@siemens.com,,Siemens,siemens,,recruiter,scraped_personal,True,local:hr_email_csv,local:hr_email_csv,India,2027,Summer 2027,hr_csv_scout_domain_match,2026-06-25T08:20:32+00:00
vivek.gopalakrishnan@siemens.com,,Siemens,siemens,,recruiter,scraped_personal,True,local:hr_email_csv,local:hr_email_csv,India,2027,Summer 2027,hr_csv_scout_domain_match,2026-06-25T08:20:32+00:00
wessam.jasim@siemens.com,,Siemens,siemens,,recruiter,scraped_personal,True,local:hr_email_csv,local:hr_email_csv,India,2027,Summer 2027,hr_csv_scout_domain_match,2026-06-25T08:20:32+00:00
wissam.feghali@siemens.com,,Siemens,siemens,,recruiter,scraped_personal,True,local:hr_email_csv,local:hr_email_csv,India,2027,Summer 2027,hr_csv_scout_domain_match,2026-06-25T08:20:32+00:00
zeeshan.shaikh@siemens.com,,Siemens,siemens,,recruiter,scraped_personal,True,local:hr_email_csv,local:hr_email_csv,India,2027,Summer 2027,hr_csv_scout_domain_match,2026-06-25T08:20:32+00:00
anna.kanapilly@eu.sony.com,,Sony Japan,sonyjapan,,recruiter,scraped_personal,True,local:hr_email_csv,local:hr_email_csv,India,2027,Summer 2027,hr_csv_scout_domain_match,2026-06-25T08:20:32+00:00
arpitha.s@ap.sony.com,,Sony Japan,sonyjapan,,recruiter,scraped_personal,True,local:hr_email_csv,local:hr_email_csv,India,2027,Summer 2027,hr_csv_scout_domain_match,2026-06-25T08:20:32+00:00
greg.birkwood@eu.sony.com,,Sony Japan,sonyjapan,,recruiter,scraped_personal,True,local:hr_email_csv,local:hr_email_csv,India,2027,Summer 2027,hr_csv_scout_domain_match,2026-06-25T08:20:32+00:00
lino.vecino@ap.sony.com,,Sony Japan,sonyjapan,,recruiter,scraped_personal,True,local:hr_email_csv,local:hr_email_csv,India,2027,Summer 2027,hr_csv_scout_domain_match,2026-06-25T08:20:32+00:00
marianne.walsh@eu.sony.com,,Sony Japan,sonyjapan,,recruiter,scraped_personal,True,local:hr_email_csv,local:hr_email_csv,India,2027,Summer 2027,hr_csv_scout_domain_match,2026-06-25T08:20:32+00:00
nitin.shah@ap.sony.com,,Sony Japan,sonyjapan,,recruiter,scraped_personal,True,local:hr_email_csv,local:hr_email_csv,India,2027,Summer 2027,hr_csv_scout_domain_match,2026-06-25T08:20:32+00:00
pankaj.verma@eu.sony.com,,Sony Japan,sonyjapan,,recruiter,scraped_personal,True,local:hr_email_csv,local:hr_email_csv,India,2027,Summer 2027,hr_csv_scout_domain_match,2026-06-25T08:20:32+00:00
ram.modak@ap.sony.com,,Sony Japan,sonyjapan,,recruiter,scraped_personal,True,local:hr_email_csv,local:hr_email_csv,India,2027,Summer 2027,hr_csv_scout_domain_match,2026-06-25T08:20:32+00:00
santhosh.varma@ap.sony.com,,Sony Japan,sonyjapan,,recruiter,scraped_personal,True,local:hr_email_csv,local:hr_email_csv,India,2027,Summer 2027,hr_csv_scout_domain_match,2026-06-25T08:20:32+00:00
suchitra.mahesh@ap.sony.com,,Sony Japan,sonyjapan,,recruiter,scraped_personal,True,local:hr_email_csv,local:hr_email_csv,India,2027,Summer 2027,hr_csv_scout_domain_match,2026-06-25T08:20:32+00:00
vahid.macvandi@eu.sony.com,,Sony Japan,sonyjapan,,recruiter,scraped_personal,True,local:hr_email_csv,local:hr_email_csv,India,2027,Summer 2027,hr_csv_scout_domain_match,2026-06-25T08:20:32+00:00
abbas.hussein@ae.standardchartered.com,,Standard Chartered,standardchartered,,recruiter,scraped_personal,True,local:hr_email_csv,local:hr_email_csv,India,2027,Summer 2027,hr_csv_scout_domain_match,2026-06-25T08:20:32+00:00
afaq.mufti@ae.standardchartered.com,,Standard Chartered,standardchartered,,recruiter,scraped_personal,True,local:hr_email_csv,local:hr_email_csv,India,2027,Summer 2027,hr_csv_scout_domain_match,2026-06-25T08:20:32+00:00
ali.hinnawi@standardchartered.com,,Standard Chartered,standardchartered,,recruiter,scraped_personal,True,local:hr_email_csv,local:hr_email_csv,India,2027,Summer 2027,hr_csv_scout_domain_match,2026-06-25T08:20:32+00:00
anita.tan@standardchartered.com,,Standard Chartered,standardchartered,,recruiter,scraped_personal,True,local:hr_email_csv,local:hr_email_csv,India,2027,Summer 2027,hr_csv_scout_domain_match,2026-06-25T08:20:32+00:00
anshul.verma@ae.standardchartered.com,,Standard Chartered,standardchartered,,recruiter,scraped_personal,True,local:hr_email_csv,local:hr_email_csv,India,2027,Summer 2027,hr_csv_scout_domain_match,2026-06-25T08:20:32+00:00
arun.lewis@ae.standardchartered.com,,Standard Chartered,standardchartered,,recruiter,scraped_personal,True,local:hr_email_csv,local:hr_email_csv,India,2027,Summer 2027,hr_csv_scout_domain_match,2026-06-25T08:20:32+00:00
asha.kaikai@ae.standardchartered.com,,Standard Chartered,standardchartered,,recruiter,scraped_personal,True,local:hr_email_csv,local:hr_email_csv,India,2027,Summer 2027,hr_csv_scout_domain_match,2026-06-25T08:20:32+00:00
bharat.j.makkar@ae.standardchartered.com,,Standard Chartered,standardchartered,,recruiter,scraped_personal,True,local:hr_email_csv,local:hr_email_csv,India,2027,Summer 2027,hr_csv_scout_domain_match,2026-06-25T08:20:32+00:00
bijoy.joseph@ae.standardchartered.com,,Standard Chartered,standardchartered,,recruiter,scraped_personal,True,local:hr_email_csv,local:hr_email_csv,India,2027,Summer 2027,hr_csv_scout_domain_match,2026-06-25T08:20:32+00:00
david.wilkins@ae.standardchartered.com,,Standard Chartered,standardchartered,,recruiter,scraped_personal,True,local:hr_email_csv,local:hr_email_csv,India,2027,Summer 2027,hr_csv_scout_domain_match,2026-06-25T08:20:32+00:00
deepak.khullar@ae.standardchartered.com,,Standard Chartered,standardchartered,,recruiter,scraped_personal,True,local:hr_email_csv,local:hr_email_csv,India,2027,Summer 2027,hr_csv_scout_domain_match,2026-06-25T08:20:32+00:00
donald.dmello@ae.standardchartered.com,,Standard Chartered,standardchartered,,recruiter,scraped_personal,True,local:hr_email_csv,local:hr_email_csv,India,2027,Summer 2027,hr_csv_scout_domain_match,2026-06-25T08:20:32+00:00
elizabethnjumbi.ndungu@standardchartered.com,,Standard Chartered,standardchartered,,recruiter,scraped_personal,True,local:hr_email_csv,local:hr_email_csv,India,2027,Summer 2027,hr_csv_scout_domain_match,2026-06-25T08:20:32+00:00
fahd.gammal@ae.standardchartered.com,,Standard Chartered,standardchartered,,recruiter,scraped_personal,True,local:hr_email_csv,local:hr_email_csv,India,2027,Summer 2027,hr_csv_scout_domain_match,2026-06-25T08:20:32+00:00
faisal.x.shaikh@standardchartered.com,,Standard Chartered,standardchartered,,recruiter,scraped_personal,True,local:hr_email_csv,local:hr_email_csv,India,2027,Summer 2027,hr_csv_scout_domain_match,2026-06-25T08:20:32+00:00
gautam.duggal@ae.standardchartered.com,,Standard Chartered,standardchartered,,recruiter,scraped_personal,True,local:hr_email_csv,local:hr_email_csv,India,2027,Summer 2027,hr_csv_scout_domain_match,2026-06-25T08:20:32+00:00
geoffrey.nazareth@ae.standardchartered.com,,Standard Chartered,standardchartered,,recruiter,scraped_personal,True,local:hr_email_csv,local:hr_email_csv,India,2027,Summer 2027,hr_csv_scout_domain_match,2026-06-25T08:20:32+00:00
goody.mistry@ae.standardchartered.com,,Standard Chartered,standardchartered,,recruiter,scraped_personal,True,local:hr_email_csv,local:hr_email_csv,India,2027,Summer 2027,hr_csv_scout_domain_match,2026-06-25T08:20:32+00:00
graham.smallshaw@ae.standardchartered.com,,Standard Chartered,standardchartered,,recruiter,scraped_personal,True,local:hr_email_csv,local:hr_email_csv,India,2027,Summer 2027,hr_csv_scout_domain_match,2026-06-25T08:20:32+00:00
hanifa.haji@ae.standardchartered.com,,Standard Chartered,standardchartered,,recruiter,scraped_personal,True,local:hr_email_csv,local:hr_email_csv,India,2027,Summer 2027,hr_csv_scout_domain_match,2026-06-25T08:20:32+00:00
hashmat.jafferi@standardchartered.com,,Standard Chartered,standardchartered,,recruiter,scraped_personal,True,local:hr_email_csv,local:hr_email_csv,India,2027,Summer 2027,hr_csv_scout_domain_match,2026-06-25T08:20:32+00:00
huny.garg@ae.standardchartered.com,,Standard Chartered,standardchartered,,recruiter,scraped_personal,True,local:hr_email_csv,local:hr_email_csv,India,2027,Summer 2027,hr_csv_scout_domain_match,2026-06-25T08:20:32+00:00
imran.sarwar@ae.standardchartered.com,,Standard Chartered,standardchartered,,recruiter,scraped_personal,True,local:hr_email_csv,local:hr_email_csv,India,2027,Summer 2027,hr_csv_scout_domain_match,2026-06-25T08:20:32+00:00
jenny.koh@ae.standardchartered.com,,Standard Chartered,standardchartered,,recruiter,scraped_personal,True,local:hr_email_csv,local:hr_email_csv,India,2027,Summer 2027,hr_csv_scout_domain_match,2026-06-25T08:20:32+00:00
jeremy.awori@ae.standardchartered.com,,Standard Chartered,standardchartered,,recruiter,scraped_personal,True,local:hr_email_csv,local:hr_email_csv,India,2027,Summer 2027,hr_csv_scout_domain_match,2026-06-25T08:20:32+00:00
jimmy.lynch@ae.standardchartered.com,,Standard Chartered,standardchartered,,recruiter,scraped_personal,True,local:hr_email_csv,local:hr_email_csv,India,2027,Summer 2027,hr_csv_scout_domain_match,2026-06-25T08:20:32+00:00
john.iossifidis@ae.standardchartered.com,,Standard Chartered,standardchartered,,recruiter,scraped_personal,True,local:hr_email_csv,local:hr_email_csv,India,2027,Summer 2027,hr_csv_scout_domain_match,2026-06-25T08:20:32+00:00
juliana.jaffar@standardchartered.com,,Standard Chartered,standardchartered,,recruiter,scraped_personal,True,local:hr_email_csv,local:hr_email_csv,India,2027,Summer 2027,hr_csv_scout_domain_match,2026-06-25T08:20:32+00:00
kapil.k.mathur@ae.standardchartered.com,,Standard Chartered,standardchartered,,recruiter,scraped_personal,True,local:hr_email_csv,local:hr_email_csv,India,2027,Summer 2027,hr_csv_scout_domain_match,2026-06-25T08:20:32+00:00
kirit.chauhan@ae.standardchartered.com,,Standard Chartered,standardchartered,,recruiter,scraped_personal,True,local:hr_email_csv,local:hr_email_csv,India,2027,Summer 2027,hr_csv_scout_domain_match,2026-06-25T08:20:32+00:00
kishore.bhatia@ae.standardchartered.com,,Standard Chartered,standardchartered,,recruiter,scraped_personal,True,local:hr_email_csv,local:hr_email_csv,India,2027,Summer 2027,hr_csv_scout_domain_match,2026-06-25T08:20:32+00:00
krunal.bhatt@ae.standardchartered.com,,Standard Chartered,standardchartered,,recruiter,scraped_personal,True,local:hr_email_csv,local:hr_email_csv,India,2027,Summer 2027,hr_csv_scout_domain_match,2026-06-25T08:20:32+00:00
madhvi.kathuria@ae.standardchartered.com,,Standard Chartered,standardchartered,,recruiter,scraped_personal,True,local:hr_email_csv,local:hr_email_csv,India,2027,Summer 2027,hr_csv_scout_domain_match,2026-06-25T08:20:32+00:00
mary-joyce.pinlac@ae.standardchartered.com,,Standard Chartered,standardchartered,,recruiter,scraped_personal,True,local:hr_email_csv,local:hr_email_csv,India,2027,Summer 2027,hr_csv_scout_domain_match,2026-06-25T08:20:32+00:00
murtuza.wasaya@standardchartered.com,,Standard Chartered,standardchartered,,recruiter,scraped_personal,True,local:hr_email_csv,local:hr_email_csv,India,2027,Summer 2027,hr_csv_scout_domain_match,2026-06-25T08:20:32+00:00
naveed.weldon@ae.standardchartered.com,,Standard Chartered,standardchartered,,recruiter,scraped_personal,True,local:hr_email_csv,local:hr_email_csv,India,2027,Summer 2027,hr_csv_scout_domain_match,2026-06-25T08:20:32+00:00
neil.robson@ae.standardchartered.com,,Standard Chartered,standardchartered,,recruiter,scraped_personal,True,local:hr_email_csv,local:hr_email_csv,India,2027,Summer 2027,hr_csv_scout_domain_match,2026-06-25T08:20:32+00:00
noel.basile@ae.standardchartered.com,,Standard Chartered,standardchartered,,recruiter,scraped_personal,True,local:hr_email_csv,local:hr_email_csv,India,2027,Summer 2027,hr_csv_scout_domain_match,2026-06-25T08:20:32+00:00
peter.w.shaw@ae.standardchartered.com,,Standard Chartered,standardchartered,,recruiter,scraped_personal,True,local:hr_email_csv,local:hr_email_csv,India,2027,Summer 2027,hr_csv_scout_domain_match,2026-06-25T08:20:32+00:00
radhika.rao@ae.standardchartered.com,,Standard Chartered,standardchartered,,recruiter,scraped_personal,True,local:hr_email_csv,local:hr_email_csv,India,2027,Summer 2027,hr_csv_scout_domain_match,2026-06-25T08:20:32+00:00
ragu.santhalingam@standardchartered.com,,Standard Chartered,standardchartered,,recruiter,scraped_personal,True,local:hr_email_csv,local:hr_email_csv,India,2027,Summer 2027,hr_csv_scout_domain_match,2026-06-25T08:20:32+00:00
rahim.azeem-ur@ae.standardchartered.com,,Standard Chartered,standardchartered,,recruiter,scraped_personal,True,local:hr_email_csv,local:hr_email_csv,India,2027,Summer 2027,hr_csv_scout_domain_match,2026-06-25T08:20:32+00:00
rajendram.kenneth-j@ae.standardchartered.com,,Standard Chartered,standardchartered,,recruiter,scraped_personal,True,local:hr_email_csv,local:hr_email_csv,India,2027,Summer 2027,hr_csv_scout_domain_match,2026-06-25T08:20:32+00:00
rajesh.gupta@ae.standardchartered.com,,Standard Chartered,standardchartered,,recruiter,scraped_personal,True,local:hr_email_csv,local:hr_email_csv,India,2027,Summer 2027,hr_csv_scout_domain_match,2026-06-25T08:20:32+00:00
raju.ganglani@ae.standardchartered.com,,Standard Chartered,standardchartered,,recruiter,scraped_personal,True,local:hr_email_csv,local:hr_email_csv,India,2027,Summer 2027,hr_csv_scout_domain_match,2026-06-25T08:20:32+00:00
raju.ved@ae.standardchartered.com,,Standard Chartered,standardchartered,,recruiter,scraped_personal,True,local:hr_email_csv,local:hr_email_csv,India,2027,Summer 2027,hr_csv_scout_domain_match,2026-06-25T08:20:32+00:00
ralino.gracias@ae.standardchartered.com,,Standard Chartered,standardchartered,,recruiter,scraped_personal,True,local:hr_email_csv,local:hr_email_csv,India,2027,Summer 2027,hr_csv_scout_domain_match,2026-06-25T08:20:32+00:00
rania.ismail@ae.standardchartered.com,,Standard Chartered,standardchartered,,recruiter,scraped_personal,True,local:hr_email_csv,local:hr_email_csv,India,2027,Summer 2027,hr_csv_scout_domain_match,2026-06-25T08:20:32+00:00
rehman.benazir-a@ae.standardchartered.com,,Standard Chartered,standardchartered,,recruiter,scraped_personal,True,local:hr_email_csv,local:hr_email_csv,India,2027,Summer 2027,hr_csv_scout_domain_match,2026-06-25T08:20:32+00:00
rehman.tanya-a@ae.standardchartered.com,,Standard Chartered,standardchartered,,recruiter,scraped_personal,True,local:hr_email_csv,local:hr_email_csv,India,2027,Summer 2027,hr_csv_scout_domain_match,2026-06-25T08:20:32+00:00
rose.samson@ae.standardchartered.com,,Standard Chartered,standardchartered,,recruiter,scraped_personal,True,local:hr_email_csv,local:hr_email_csv,India,2027,Summer 2027,hr_csv_scout_domain_match,2026-06-25T08:20:32+00:00
saad.sulaiman@standardchartered.com,,Standard Chartered,standardchartered,,recruiter,scraped_personal,True,local:hr_email_csv,local:hr_email_csv,India,2027,Summer 2027,hr_csv_scout_domain_match,2026-06-25T08:20:32+00:00
saadia.mahmud@ae.standardchartered.com,,Standard Chartered,standardchartered,,recruiter,scraped_personal,True,local:hr_email_csv,local:hr_email_csv,India,2027,Summer 2027,hr_csv_scout_domain_match,2026-06-25T08:20:32+00:00
sanjoy.chowdhury@ae.standardchartered.com,,Standard Chartered,standardchartered,,recruiter,scraped_personal,True,local:hr_email_csv,local:hr_email_csv,India,2027,Summer 2027,hr_csv_scout_domain_match,2026-06-25T08:20:32+00:00
sarmathy.cia@ae.standardchartered.com,,Standard Chartered,standardchartered,,recruiter,scraped_personal,True,local:hr_email_csv,local:hr_email_csv,India,2027,Summer 2027,hr_csv_scout_domain_match,2026-06-25T08:20:32+00:00
sheeja.nair@ae.standardchartered.com,,Standard Chartered,standardchartered,,recruiter,scraped_personal,True,local:hr_email_csv,local:hr_email_csv,India,2027,Summer 2027,hr_csv_scout_domain_match,2026-06-25T08:20:32+00:00
siddiqi.farooq@standardchartered.com,,Standard Chartered,standardchartered,,recruiter,scraped_personal,True,local:hr_email_csv,local:hr_email_csv,India,2027,Summer 2027,hr_csv_scout_domain_match,2026-06-25T08:20:32+00:00
soneji.rajesh-k@ae.standardchartered.com,,Standard Chartered,standardchartered,,recruiter,scraped_personal,True,local:hr_email_csv,local:hr_email_csv,India,2027,Summer 2027,hr_csv_scout_domain_match,2026-06-25T08:20:32+00:00
stuart.hammond@ae.standardchartered.com,,Standard Chartered,standardchartered,,recruiter,scraped_personal,True,local:hr_email_csv,local:hr_email_csv,India,2027,Summer 2027,hr_csv_scout_domain_match,2026-06-25T08:20:32+00:00
trevor.pigrome@standardchartered.com,,Standard Chartered,standardchartered,,recruiter,scraped_personal,True,local:hr_email_csv,local:hr_email_csv,India,2027,Summer 2027,hr_csv_scout_domain_match,2026-06-25T08:20:32+00:00
vinod.ramabhadran@ae.standardchartered.com,,Standard Chartered,standardchartered,,recruiter,scraped_personal,True,local:hr_email_csv,local:hr_email_csv,India,2027,Summer 2027,hr_csv_scout_domain_match,2026-06-25T08:20:32+00:00
vp.ganesh@standardchartered.com,,Standard Chartered,standardchartered,,recruiter,scraped_personal,True,local:hr_email_csv,local:hr_email_csv,India,2027,Summer 2027,hr_csv_scout_domain_match,2026-06-25T08:20:32+00:00
werner.kleynhans@standardchartered.com,,Standard Chartered,standardchartered,,recruiter,scraped_personal,True,local:hr_email_csv,local:hr_email_csv,India,2027,Summer 2027,hr_csv_scout_domain_match,2026-06-25T08:20:32+00:00
winisha.dalmeida@standardchartered.com,,Standard Chartered,standardchartered,,recruiter,scraped_personal,True,local:hr_email_csv,local:hr_email_csv,India,2027,Summer 2027,hr_csv_scout_domain_match,2026-06-25T08:20:32+00:00
yasaman.sarrafzadeh@ae.standardchartered.com,,Standard Chartered,standardchartered,,recruiter,scraped_personal,True,local:hr_email_csv,local:hr_email_csv,India,2027,Summer 2027,hr_csv_scout_domain_match,2026-06-25T08:20:32+00:00
yasmin.imam@ae.standardchartered.com,,Standard Chartered,standardchartered,,recruiter,scraped_personal,True,local:hr_email_csv,local:hr_email_csv,India,2027,Summer 2027,hr_csv_scout_domain_match,2026-06-25T08:20:32+00:00
global.careers@teradata.com,,Teradata,teradata,,recruiter,scraped_personal,True,discover:career_portal,https://careers.teradata.com,India,2027,Summer 2027,career_portal_scrape,2026-06-27T04:55:15+00:00
naveen.kukutapu@teradata.com,,Teradata,teradata,,recruiter,scraped_personal,True,local:hr_email_csv,local:hr_email_csv,India,2027,Summer 2027,hr_csv_scout_domain_match,2026-06-25T08:20:32+00:00
gaurav.anand@ubs.com,,UBS,ubs,,recruiter,scraped_personal,True,local:hr_email_csv,local:hr_email_csv,India,2027,Summer 2027,hr_csv_scout_domain_match,2026-06-25T08:20:32+00:00
roger.leitner@ubs.com,,UBS,ubs,,recruiter,scraped_personal,True,local:hr_email_csv,local:hr_email_csv,India,2027,Summer 2027,hr_csv_scout_domain_match,2026-06-25T08:20:32+00:00
sangeeth.ranghuraj@ubs.com,,UBS,ubs,,recruiter,scraped_personal,True,local:hr_email_csv,local:hr_email_csv,India,2027,Summer 2027,hr_csv_scout_domain_match,2026-06-25T08:20:32+00:00
thibaut.tosello@ubs.com,,UBS,ubs,,recruiter,scraped_personal,True,local:hr_email_csv,local:hr_email_csv,India,2027,Summer 2027,hr_csv_scout_domain_match,2026-06-25T08:20:32+00:00
complaints.mcx@upstox.com,,Upstox,upstox,,recruiter,scraped_personal,True,discover:career_portal,https://upstox.com/careers/,India,2027,Summer 2027,career_portal_scrape,2026-06-27T04:55:15+00:00
p.bubna@zensar.com,,Zensar,zensar,,recruiter,scraped_personal,True,local:hr_email_csv,local:hr_email_csv,India,2027,Summer 2027,hr_csv_scout_domain_match,2026-06-25T08:20:32+00:00
priyanka.deshmukh@zeptonow.com,,Zepto,zepto,,recruiter,scraped_personal,True,web:substack_verified,https://atozplacementkit.substack.com/p/hr-emails-of-50-companies,India,2027,Summer 2027,web_directory_mx_verified,2026-06-25T07:51:04+00:00
tejaswani.pednecar@eclerx.com,,eClerx,eclerx,,recruiter,scraped_personal,True,local:hr_email_csv,local:hr_email_csv,India,2027,Summer 2027,hr_csv_scout_domain_match,2026-06-25T08:20:32+00:00
