email,name,company,company_normalized,role_title,contact_type,confidence,in_scout_list,source_id,source_url,country,target_internship_year,target_season,notes,fetched_at
batesj@amazon.com,Jessica Bates,amazon,amazon,,recruiter,inferred_pattern,True,inferred:recruiter-emailing-script,https://github.com/K02D/recruiter-emailing-script,,2027,Summer 2027,pattern:{last}{first[0]}@amazon.com,2026-06-24T12:50:51+00:00
bondc@amazon.com,Cameron Bond,amazon,amazon,,recruiter,inferred_pattern,True,inferred:recruiter-emailing-script,https://github.com/K02D/recruiter-emailing-script,,2027,Summer 2027,pattern:{last}{first[0]}@amazon.com,2026-06-24T12:50:51+00:00
brookinsj@amazon.com,Jenna Brookins,amazon,amazon,,recruiter,inferred_pattern,True,inferred:recruiter-emailing-script,https://github.com/K02D/recruiter-emailing-script,,2027,Summer 2027,pattern:{last}{first[0]}@amazon.com,2026-06-24T12:50:51+00:00
campusa@amazon.com,Amazon Campus,amazon,amazon,,recruiter,inferred_pattern,True,inferred:recruiter-emailing-script,https://github.com/K02D/recruiter-emailing-script,,2027,Summer 2027,pattern:{last}{first[0]}@amazon.com,2026-06-24T12:50:51+00:00
godfreya@amazon.com,Ali Godfrey,amazon,amazon,,recruiter,inferred_pattern,True,inferred:recruiter-emailing-script,https://github.com/K02D/recruiter-emailing-script,,2027,Summer 2027,pattern:{last}{first[0]}@amazon.com,2026-06-24T12:50:51+00:00
hemans@amazon.com,Stephanie Heman,amazon,amazon,,recruiter,inferred_pattern,True,inferred:recruiter-emailing-script,https://github.com/K02D/recruiter-emailing-script,,2027,Summer 2027,pattern:{last}{first[0]}@amazon.com,2026-06-24T12:50:51+00:00
henryk@amazon.com,Katie Henry,amazon,amazon,,recruiter,inferred_pattern,True,inferred:recruiter-emailing-script,https://github.com/K02D/recruiter-emailing-script,,2027,Summer 2027,pattern:{last}{first[0]}@amazon.com,2026-06-24T12:50:51+00:00
hurleye@amazon.com,Erica Hurley,amazon,amazon,,recruiter,inferred_pattern,True,inferred:recruiter-emailing-script,https://github.com/K02D/recruiter-emailing-script,,2027,Summer 2027,pattern:{last}{first[0]}@amazon.com,2026-06-24T12:50:51+00:00
iaconoc@amazon.com,Claire Iacono,amazon,amazon,,recruiter,inferred_pattern,True,inferred:recruiter-emailing-script,https://github.com/K02D/recruiter-emailing-script,,2027,Summer 2027,pattern:{last}{first[0]}@amazon.com,2026-06-24T12:50:51+00:00
johnsonj@amazon.com,Joel Johnson,amazon,amazon,,recruiter,inferred_pattern,True,inferred:recruiter-emailing-script,https://github.com/K02D/recruiter-emailing-script,,2027,Summer 2027,pattern:{last}{first[0]}@amazon.com,2026-06-24T12:50:51+00:00
khans@amazon.com,Sayeeda Khan,amazon,amazon,,recruiter,inferred_pattern,True,inferred:recruiter-emailing-script,https://github.com/K02D/recruiter-emailing-script,,2027,Summer 2027,pattern:{last}{first[0]}@amazon.com,2026-06-24T12:50:51+00:00
kims@amazon.com,Sharon Kim,amazon,amazon,,recruiter,inferred_pattern,True,inferred:recruiter-emailing-script,https://github.com/K02D/recruiter-emailing-script,,2027,Summer 2027,pattern:{last}{first[0]}@amazon.com,2026-06-24T12:50:51+00:00
leadc@amazon.com,Client Lead,amazon,amazon,,recruiter,inferred_pattern,True,inferred:recruiter-emailing-script,https://github.com/K02D/recruiter-emailing-script,,2027,Summer 2027,pattern:{last}{first[0]}@amazon.com,2026-06-24T12:50:51+00:00
magnottad@amazon.com,David Magnotta,amazon,amazon,,recruiter,inferred_pattern,True,inferred:recruiter-emailing-script,https://github.com/K02D/recruiter-emailing-script,,2027,Summer 2027,pattern:{last}{first[0]}@amazon.com,2026-06-24T12:50:51+00:00
mendelsonj@amazon.com,Julie Mendelson,amazon,amazon,,recruiter,inferred_pattern,True,inferred:recruiter-emailing-script,https://github.com/K02D/recruiter-emailing-script,,2027,Summer 2027,pattern:{last}{first[0]}@amazon.com,2026-06-24T12:50:51+00:00
meyerl@amazon.com,Laura Meyer,amazon,amazon,,recruiter,inferred_pattern,True,inferred:recruiter-emailing-script,https://github.com/K02D/recruiter-emailing-script,,2027,Summer 2027,pattern:{last}{first[0]}@amazon.com,2026-06-24T12:50:51+00:00
moralesm@amazon.com,Mel Morales,amazon,amazon,,recruiter,inferred_pattern,True,inferred:recruiter-emailing-script,https://github.com/K02D/recruiter-emailing-script,,2027,Summer 2027,pattern:{last}{first[0]}@amazon.com,2026-06-24T12:50:51+00:00
nagappanm@amazon.com,Meena Nagappan,amazon,amazon,,recruiter,inferred_pattern,True,inferred:recruiter-emailing-script,https://github.com/K02D/recruiter-emailing-script,,2027,Summer 2027,pattern:{last}{first[0]}@amazon.com,2026-06-24T12:50:51+00:00
ngc@amazon.com,Cindy Ng,amazon,amazon,,recruiter,inferred_pattern,True,inferred:recruiter-emailing-script,https://github.com/K02D/recruiter-emailing-script,,2027,Summer 2027,pattern:{last}{first[0]}@amazon.com,2026-06-24T12:50:51+00:00
nguyenc@amazon.com,Christine Nguyen,amazon,amazon,,recruiter,inferred_pattern,True,inferred:recruiter-emailing-script,https://github.com/K02D/recruiter-emailing-script,,2027,Summer 2027,pattern:{last}{first[0]}@amazon.com,2026-06-24T12:50:51+00:00
nortonc@amazon.com,Chris Norton,amazon,amazon,,recruiter,inferred_pattern,True,inferred:recruiter-emailing-script,https://github.com/K02D/recruiter-emailing-script,,2027,Summer 2027,pattern:{last}{first[0]}@amazon.com,2026-06-24T12:50:51+00:00
ohc@amazon.com,Christina Oh,amazon,amazon,,recruiter,inferred_pattern,True,inferred:recruiter-emailing-script,https://github.com/K02D/recruiter-emailing-script,,2027,Summer 2027,pattern:{last}{first[0]}@amazon.com,2026-06-24T12:50:51+00:00
ohenk@amazon.com,Karen Ohen,amazon,amazon,,recruiter,inferred_pattern,True,inferred:recruiter-emailing-script,https://github.com/K02D/recruiter-emailing-script,,2027,Summer 2027,pattern:{last}{first[0]}@amazon.com,2026-06-24T12:50:51+00:00
ohmesk@amazon.com,Kayla Ohmes,amazon,amazon,,recruiter,inferred_pattern,True,inferred:recruiter-emailing-script,https://github.com/K02D/recruiter-emailing-script,,2027,Summer 2027,pattern:{last}{first[0]}@amazon.com,2026-06-24T12:50:51+00:00
oldhamj@amazon.com,Josh Oldham,amazon,amazon,,recruiter,inferred_pattern,True,inferred:recruiter-emailing-script,https://github.com/K02D/recruiter-emailing-script,,2027,Summer 2027,pattern:{last}{first[0]}@amazon.com,2026-06-24T12:50:51+00:00
omareo@amazon.com,Omawumi Omare,amazon,amazon,,recruiter,inferred_pattern,True,inferred:recruiter-emailing-script,https://github.com/K02D/recruiter-emailing-script,,2027,Summer 2027,pattern:{last}{first[0]}@amazon.com,2026-06-24T12:50:51+00:00
parke@amazon.com,Erika Park,amazon,amazon,,recruiter,inferred_pattern,True,inferred:recruiter-emailing-script,https://github.com/K02D/recruiter-emailing-script,,2027,Summer 2027,pattern:{last}{first[0]}@amazon.com,2026-06-24T12:50:51+00:00
patelc@amazon.com,Chandni Patel,amazon,amazon,,recruiter,inferred_pattern,True,inferred:recruiter-emailing-script,https://github.com/K02D/recruiter-emailing-script,,2027,Summer 2027,pattern:{last}{first[0]}@amazon.com,2026-06-24T12:50:51+00:00
porterc@amazon.com,Carly Porter,amazon,amazon,,recruiter,inferred_pattern,True,inferred:recruiter-emailing-script,https://github.com/K02D/recruiter-emailing-script,,2027,Summer 2027,pattern:{last}{first[0]}@amazon.com,2026-06-24T12:50:51+00:00
pradelj@amazon.com,Jack Pradel,amazon,amazon,,recruiter,inferred_pattern,True,inferred:recruiter-emailing-script,https://github.com/K02D/recruiter-emailing-script,,2027,Summer 2027,pattern:{last}{first[0]}@amazon.com,2026-06-24T12:50:51+00:00
programss@amazon.com,Student Programs,amazon,amazon,,recruiter,inferred_pattern,True,inferred:recruiter-emailing-script,https://github.com/K02D/recruiter-emailing-script,,2027,Summer 2027,pattern:{last}{first[0]}@amazon.com,2026-06-24T12:50:51+00:00
randolphj@amazon.com,Jeanell Randolph,amazon,amazon,,recruiter,inferred_pattern,True,inferred:recruiter-emailing-script,https://github.com/K02D/recruiter-emailing-script,,2027,Summer 2027,pattern:{last}{first[0]}@amazon.com,2026-06-24T12:50:51+00:00
realesa@amazon.com,Alex Reales,amazon,amazon,,recruiter,inferred_pattern,True,inferred:recruiter-emailing-script,https://github.com/K02D/recruiter-emailing-script,,2027,Summer 2027,pattern:{last}{first[0]}@amazon.com,2026-06-24T12:50:51+00:00
rosee@amazon.com,Emily Rose,amazon,amazon,,recruiter,inferred_pattern,True,inferred:recruiter-emailing-script,https://github.com/K02D/recruiter-emailing-script,,2027,Summer 2027,pattern:{last}{first[0]}@amazon.com,2026-06-24T12:50:51+00:00
rosej@amazon.com,Jewel Rose,amazon,amazon,,recruiter,inferred_pattern,True,inferred:recruiter-emailing-script,https://github.com/K02D/recruiter-emailing-script,,2027,Summer 2027,pattern:{last}{first[0]}@amazon.com,2026-06-24T12:50:51+00:00
saenzc@amazon.com,Colleene Saenz,amazon,amazon,,recruiter,inferred_pattern,True,inferred:recruiter-emailing-script,https://github.com/K02D/recruiter-emailing-script,,2027,Summer 2027,pattern:{last}{first[0]}@amazon.com,2026-06-24T12:50:51+00:00
sanchezm@amazon.com,Mihara Sanchez,amazon,amazon,,recruiter,inferred_pattern,True,inferred:recruiter-emailing-script,https://github.com/K02D/recruiter-emailing-script,,2027,Summer 2027,pattern:{last}{first[0]}@amazon.com,2026-06-24T12:50:51+00:00
sextona@amazon.com,Alex Sexton,amazon,amazon,,recruiter,inferred_pattern,True,inferred:recruiter-emailing-script,https://github.com/K02D/recruiter-emailing-script,,2027,Summer 2027,pattern:{last}{first[0]}@amazon.com,2026-06-24T12:50:51+00:00
sheny@amazon.com,Ying Shen,amazon,amazon,,recruiter,inferred_pattern,True,inferred:recruiter-emailing-script,https://github.com/K02D/recruiter-emailing-script,,2027,Summer 2027,pattern:{last}{first[0]}@amazon.com,2026-06-24T12:50:51+00:00
sinhaa@amazon.com,Ankur Sinha,amazon,amazon,,recruiter,inferred_pattern,True,inferred:recruiter-emailing-script,https://github.com/K02D/recruiter-emailing-script,,2027,Summer 2027,pattern:{last}{first[0]}@amazon.com,2026-06-24T12:50:51+00:00
turnerk@amazon.com,Kimberly Turner,amazon,amazon,,recruiter,inferred_pattern,True,inferred:recruiter-emailing-script,https://github.com/K02D/recruiter-emailing-script,,2027,Summer 2027,pattern:{last}{first[0]}@amazon.com,2026-06-24T12:50:51+00:00
wilsonc@amazon.com,Connor Wilson,amazon,amazon,,recruiter,inferred_pattern,True,inferred:recruiter-emailing-script,https://github.com/K02D/recruiter-emailing-script,,2027,Summer 2027,pattern:{last}{first[0]}@amazon.com,2026-06-24T12:50:51+00:00
wilsonj@amazon.com,Jessica Wilson,amazon,amazon,,recruiter,inferred_pattern,True,inferred:recruiter-emailing-script,https://github.com/K02D/recruiter-emailing-script,,2027,Summer 2027,pattern:{last}{first[0]}@amazon.com,2026-06-24T12:50:51+00:00
zaunb@amazon.com,Brittany Zaun,amazon,amazon,,recruiter,inferred_pattern,True,inferred:recruiter-emailing-script,https://github.com/K02D/recruiter-emailing-script,,2027,Summer 2027,pattern:{last}{first[0]}@amazon.com,2026-06-24T12:50:51+00:00
abatchelor@atlassian.com,Alex Batchelor,atlassian,atlassian,,recruiter,inferred_pattern,True,inferred:recruiter-emailing-script,https://github.com/K02D/recruiter-emailing-script,,2027,Summer 2027,pattern:{first[0]}{last}@atlassian.com,2026-06-24T12:50:51+00:00
aettlin@atlassian.com,Amanda Ettlin,atlassian,atlassian,,recruiter,inferred_pattern,True,inferred:recruiter-emailing-script,https://github.com/K02D/recruiter-emailing-script,,2027,Summer 2027,pattern:{first[0]}{last}@atlassian.com,2026-06-24T12:50:51+00:00
aharrison@atlassian.com,Amy Harrison,atlassian,atlassian,,recruiter,inferred_pattern,True,inferred:recruiter-emailing-script,https://github.com/K02D/recruiter-emailing-script,,2027,Summer 2027,pattern:{first[0]}{last}@atlassian.com,2026-06-24T12:50:51+00:00
asampson@atlassian.com,Amanda Sampson,atlassian,atlassian,,recruiter,inferred_pattern,True,inferred:recruiter-emailing-script,https://github.com/K02D/recruiter-emailing-script,,2027,Summer 2027,pattern:{first[0]}{last}@atlassian.com,2026-06-24T12:50:51+00:00
aweinhardt@atlassian.com,Alex Weinhardt,atlassian,atlassian,,recruiter,inferred_pattern,True,inferred:recruiter-emailing-script,https://github.com/K02D/recruiter-emailing-script,,2027,Summer 2027,pattern:{first[0]}{last}@atlassian.com,2026-06-24T12:50:51+00:00
bhariharan@atlassian.com,Beena Hariharan,atlassian,atlassian,,recruiter,inferred_pattern,True,inferred:recruiter-emailing-script,https://github.com/K02D/recruiter-emailing-script,,2027,Summer 2027,pattern:{first[0]}{last}@atlassian.com,2026-06-24T12:50:51+00:00
bjackson@atlassian.com,Brett Jackson,atlassian,atlassian,,recruiter,inferred_pattern,True,inferred:recruiter-emailing-script,https://github.com/K02D/recruiter-emailing-script,,2027,Summer 2027,pattern:{first[0]}{last}@atlassian.com,2026-06-24T12:50:51+00:00
bkamson@atlassian.com,Brittany Kamson,atlassian,atlassian,,recruiter,inferred_pattern,True,inferred:recruiter-emailing-script,https://github.com/K02D/recruiter-emailing-script,,2027,Summer 2027,pattern:{first[0]}{last}@atlassian.com,2026-06-24T12:50:51+00:00
cde@atlassian.com,Christian De,atlassian,atlassian,,recruiter,inferred_pattern,True,inferred:recruiter-emailing-script,https://github.com/K02D/recruiter-emailing-script,,2027,Summer 2027,pattern:{first[0]}{last}@atlassian.com,2026-06-24T12:50:51+00:00
churtubise@atlassian.com,Cheri Hurtubise,atlassian,atlassian,,recruiter,inferred_pattern,True,inferred:recruiter-emailing-script,https://github.com/K02D/recruiter-emailing-script,,2027,Summer 2027,pattern:{first[0]}{last}@atlassian.com,2026-06-24T12:50:51+00:00
cisbrandtsen@atlassian.com,Cristian Isbrandtsen,atlassian,atlassian,,recruiter,inferred_pattern,True,inferred:recruiter-emailing-script,https://github.com/K02D/recruiter-emailing-script,,2027,Summer 2027,pattern:{first[0]}{last}@atlassian.com,2026-06-24T12:50:51+00:00
cremillard@atlassian.com,Chris Remillard,atlassian,atlassian,,recruiter,inferred_pattern,True,inferred:recruiter-emailing-script,https://github.com/K02D/recruiter-emailing-script,,2027,Summer 2027,pattern:{first[0]}{last}@atlassian.com,2026-06-24T12:50:51+00:00
dyadav@atlassian.com,Deepti Yadav,atlassian,atlassian,,recruiter,inferred_pattern,True,inferred:recruiter-emailing-script,https://github.com/K02D/recruiter-emailing-script,,2027,Summer 2027,pattern:{first[0]}{last}@atlassian.com,2026-06-24T12:50:51+00:00
ecastro@atlassian.com,Emily Castro,atlassian,atlassian,,recruiter,inferred_pattern,True,inferred:recruiter-emailing-script,https://github.com/K02D/recruiter-emailing-script,,2027,Summer 2027,pattern:{first[0]}{last}@atlassian.com,2026-06-24T12:50:51+00:00
egoodman@atlassian.com,Elyssa Goodman,atlassian,atlassian,,recruiter,inferred_pattern,True,inferred:recruiter-emailing-script,https://github.com/K02D/recruiter-emailing-script,,2027,Summer 2027,pattern:{first[0]}{last}@atlassian.com,2026-06-24T12:50:51+00:00
emiles@atlassian.com,Emily Miles,atlassian,atlassian,,recruiter,inferred_pattern,True,inferred:recruiter-emailing-script,https://github.com/K02D/recruiter-emailing-script,,2027,Summer 2027,pattern:{first[0]}{last}@atlassian.com,2026-06-24T12:50:51+00:00
gkim@atlassian.com,Grace Kim,atlassian,atlassian,,recruiter,inferred_pattern,True,inferred:recruiter-emailing-script,https://github.com/K02D/recruiter-emailing-script,,2027,Summer 2027,pattern:{first[0]}{last}@atlassian.com,2026-06-24T12:50:51+00:00
jdavis@atlassian.com,Julia Davis,atlassian,atlassian,,recruiter,inferred_pattern,True,inferred:recruiter-emailing-script,https://github.com/K02D/recruiter-emailing-script,,2027,Summer 2027,pattern:{first[0]}{last}@atlassian.com,2026-06-24T12:50:51+00:00
kbowers@atlassian.com,Kayla Bowers,atlassian,atlassian,,recruiter,inferred_pattern,True,inferred:recruiter-emailing-script,https://github.com/K02D/recruiter-emailing-script,,2027,Summer 2027,pattern:{first[0]}{last}@atlassian.com,2026-06-24T12:50:51+00:00
kbrackett@atlassian.com,Kayla Brackett,atlassian,atlassian,,recruiter,inferred_pattern,True,inferred:recruiter-emailing-script,https://github.com/K02D/recruiter-emailing-script,,2027,Summer 2027,pattern:{first[0]}{last}@atlassian.com,2026-06-24T12:50:51+00:00
kvijayakumar@atlassian.com,Kamalesh Vijayakumar,atlassian,atlassian,,recruiter,inferred_pattern,True,inferred:recruiter-emailing-script,https://github.com/K02D/recruiter-emailing-script,,2027,Summer 2027,pattern:{first[0]}{last}@atlassian.com,2026-06-24T12:50:51+00:00
larmstrong@atlassian.com,Loren Armstrong,atlassian,atlassian,,recruiter,inferred_pattern,True,inferred:recruiter-emailing-script,https://github.com/K02D/recruiter-emailing-script,,2027,Summer 2027,pattern:{first[0]}{last}@atlassian.com,2026-06-24T12:50:51+00:00
lbauer@atlassian.com,Lauren Bauer,atlassian,atlassian,,recruiter,inferred_pattern,True,inferred:recruiter-emailing-script,https://github.com/K02D/recruiter-emailing-script,,2027,Summer 2027,pattern:{first[0]}{last}@atlassian.com,2026-06-24T12:50:51+00:00
lholmes@atlassian.com,Lara Holmes,atlassian,atlassian,,recruiter,inferred_pattern,True,inferred:recruiter-emailing-script,https://github.com/K02D/recruiter-emailing-script,,2027,Summer 2027,pattern:{first[0]}{last}@atlassian.com,2026-06-24T12:50:51+00:00
mdesai@atlassian.com,Mruga Desai,atlassian,atlassian,,recruiter,inferred_pattern,True,inferred:recruiter-emailing-script,https://github.com/K02D/recruiter-emailing-script,,2027,Summer 2027,pattern:{first[0]}{last}@atlassian.com,2026-06-24T12:50:51+00:00
mrogers@atlassian.com,Megan Rogers,atlassian,atlassian,,recruiter,inferred_pattern,True,inferred:recruiter-emailing-script,https://github.com/K02D/recruiter-emailing-script,,2027,Summer 2027,pattern:{first[0]}{last}@atlassian.com,2026-06-24T12:50:51+00:00
mtandon@atlassian.com,Mehak Tandon,atlassian,atlassian,,recruiter,inferred_pattern,True,inferred:recruiter-emailing-script,https://github.com/K02D/recruiter-emailing-script,,2027,Summer 2027,pattern:{first[0]}{last}@atlassian.com,2026-06-24T12:50:51+00:00
pgamble@atlassian.com,Patrick Gamble,atlassian,atlassian,,recruiter,inferred_pattern,True,inferred:recruiter-emailing-script,https://github.com/K02D/recruiter-emailing-script,,2027,Summer 2027,pattern:{first[0]}{last}@atlassian.com,2026-06-24T12:50:51+00:00
poperations@atlassian.com,People Operations,atlassian,atlassian,,recruiter,inferred_pattern,True,inferred:recruiter-emailing-script,https://github.com/K02D/recruiter-emailing-script,,2027,Summer 2027,pattern:{first[0]}{last}@atlassian.com,2026-06-24T12:50:51+00:00
rbasili@atlassian.com,Roberta Basili,atlassian,atlassian,,recruiter,inferred_pattern,True,inferred:recruiter-emailing-script,https://github.com/K02D/recruiter-emailing-script,,2027,Summer 2027,pattern:{first[0]}{last}@atlassian.com,2026-06-24T12:50:51+00:00
rbhatt@atlassian.com,Rushita Bhatt,atlassian,atlassian,,recruiter,inferred_pattern,True,inferred:recruiter-emailing-script,https://github.com/K02D/recruiter-emailing-script,,2027,Summer 2027,pattern:{first[0]}{last}@atlassian.com,2026-06-24T12:50:51+00:00
sblair@atlassian.com,Sophie Blair,atlassian,atlassian,,recruiter,inferred_pattern,True,inferred:recruiter-emailing-script,https://github.com/K02D/recruiter-emailing-script,,2027,Summer 2027,pattern:{first[0]}{last}@atlassian.com,2026-06-24T12:50:51+00:00
scampus@atlassian.com,Senior Campus,atlassian,atlassian,,recruiter,inferred_pattern,True,inferred:recruiter-emailing-script,https://github.com/K02D/recruiter-emailing-script,,2027,Summer 2027,pattern:{first[0]}{last}@atlassian.com,2026-06-24T12:50:51+00:00
shalder@atlassian.com,Saikat Halder,atlassian,atlassian,,recruiter,inferred_pattern,True,inferred:recruiter-emailing-script,https://github.com/K02D/recruiter-emailing-script,,2027,Summer 2027,pattern:{first[0]}{last}@atlassian.com,2026-06-24T12:50:51+00:00
snair@atlassian.com,Shalini Nair,atlassian,atlassian,,recruiter,inferred_pattern,True,inferred:recruiter-emailing-script,https://github.com/K02D/recruiter-emailing-script,,2027,Summer 2027,pattern:{first[0]}{last}@atlassian.com,2026-06-24T12:50:51+00:00
sschimek@atlassian.com,Samantha Schimek,atlassian,atlassian,,recruiter,inferred_pattern,True,inferred:recruiter-emailing-script,https://github.com/K02D/recruiter-emailing-script,,2027,Summer 2027,pattern:{first[0]}{last}@atlassian.com,2026-06-24T12:50:51+00:00
svidya@atlassian.com,Sudarshan Vidya,atlassian,atlassian,,recruiter,inferred_pattern,True,inferred:recruiter-emailing-script,https://github.com/K02D/recruiter-emailing-script,,2027,Summer 2027,pattern:{first[0]}{last}@atlassian.com,2026-06-24T12:50:51+00:00
tkim@atlassian.com,Tae Kim,atlassian,atlassian,,recruiter,inferred_pattern,True,inferred:recruiter-emailing-script,https://github.com/K02D/recruiter-emailing-script,,2027,Summer 2027,pattern:{first[0]}{last}@atlassian.com,2026-06-24T12:50:51+00:00
tnguyen@atlassian.com,Tommy Nguyen,atlassian,atlassian,,recruiter,inferred_pattern,True,inferred:recruiter-emailing-script,https://github.com/K02D/recruiter-emailing-script,,2027,Summer 2027,pattern:{first[0]}{last}@atlassian.com,2026-06-24T12:50:51+00:00
tpawar@atlassian.com,Tanushree Pawar,atlassian,atlassian,,recruiter,inferred_pattern,True,inferred:recruiter-emailing-script,https://github.com/K02D/recruiter-emailing-script,,2027,Summer 2027,pattern:{first[0]}{last}@atlassian.com,2026-06-24T12:50:51+00:00
vmullan@atlassian.com,Victoria Mullan,atlassian,atlassian,,recruiter,inferred_pattern,True,inferred:recruiter-emailing-script,https://github.com/K02D/recruiter-emailing-script,,2027,Summer 2027,pattern:{first[0]}{last}@atlassian.com,2026-06-24T12:50:51+00:00
addie.nunno@databricks.com,Addie Nunno,databricks,databricks,,recruiter,inferred_pattern,True,inferred:recruiter-emailing-script,https://github.com/K02D/recruiter-emailing-script,,2027,Summer 2027,pattern:{first}.{last}@databricks.com,2026-06-24T12:50:51+00:00
alex.clark@databricks.com,Alex Clark,databricks,databricks,,recruiter,inferred_pattern,True,inferred:recruiter-emailing-script,https://github.com/K02D/recruiter-emailing-script,,2027,Summer 2027,pattern:{first}.{last}@databricks.com,2026-06-24T12:50:51+00:00
alexa.crum@databricks.com,Alexa Crum,databricks,databricks,,recruiter,inferred_pattern,True,inferred:recruiter-emailing-script,https://github.com/K02D/recruiter-emailing-script,,2027,Summer 2027,pattern:{first}.{last}@databricks.com,2026-06-24T12:50:51+00:00
andy.stahl@databricks.com,Andy Stahl,databricks,databricks,,recruiter,inferred_pattern,True,inferred:recruiter-emailing-script,https://github.com/K02D/recruiter-emailing-script,,2027,Summer 2027,pattern:{first}.{last}@databricks.com,2026-06-24T12:50:51+00:00
benjamin.mathew@databricks.com,Benjamin Mathew,databricks,databricks,,recruiter,inferred_pattern,True,inferred:recruiter-emailing-script,https://github.com/K02D/recruiter-emailing-script,,2027,Summer 2027,pattern:{first}.{last}@databricks.com,2026-06-24T12:50:51+00:00
brandon.grier@databricks.com,Brandon Grier,databricks,databricks,,recruiter,inferred_pattern,True,inferred:recruiter-emailing-script,https://github.com/K02D/recruiter-emailing-script,,2027,Summer 2027,pattern:{first}.{last}@databricks.com,2026-06-24T12:50:51+00:00
bryan.lauer@databricks.com,Bryan Lauer,databricks,databricks,,recruiter,inferred_pattern,True,inferred:recruiter-emailing-script,https://github.com/K02D/recruiter-emailing-script,,2027,Summer 2027,pattern:{first}.{last}@databricks.com,2026-06-24T12:50:51+00:00
carlos.hernandez@databricks.com,Carlos Hernandez,databricks,databricks,,recruiter,inferred_pattern,True,inferred:recruiter-emailing-script,https://github.com/K02D/recruiter-emailing-script,,2027,Summer 2027,pattern:{first}.{last}@databricks.com,2026-06-24T12:50:51+00:00
corey.newell@databricks.com,Corey Newell,databricks,databricks,,recruiter,inferred_pattern,True,inferred:recruiter-emailing-script,https://github.com/K02D/recruiter-emailing-script,,2027,Summer 2027,pattern:{first}.{last}@databricks.com,2026-06-24T12:50:51+00:00
danes.mathew@databricks.com,Danes Mathew,databricks,databricks,,recruiter,inferred_pattern,True,inferred:recruiter-emailing-script,https://github.com/K02D/recruiter-emailing-script,,2027,Summer 2027,pattern:{first}.{last}@databricks.com,2026-06-24T12:50:51+00:00
daniel.aiken@databricks.com,Daniel Aiken,databricks,databricks,,recruiter,inferred_pattern,True,inferred:recruiter-emailing-script,https://github.com/K02D/recruiter-emailing-script,,2027,Summer 2027,pattern:{first}.{last}@databricks.com,2026-06-24T12:50:51+00:00
diana.coardos@databricks.com,Diana Coardos,databricks,databricks,,recruiter,inferred_pattern,True,inferred:recruiter-emailing-script,https://github.com/K02D/recruiter-emailing-script,,2027,Summer 2027,pattern:{first}.{last}@databricks.com,2026-06-24T12:50:51+00:00
dominique.brown@databricks.com,Dominique Brown,databricks,databricks,,recruiter,inferred_pattern,True,inferred:recruiter-emailing-script,https://github.com/K02D/recruiter-emailing-script,,2027,Summer 2027,pattern:{first}.{last}@databricks.com,2026-06-24T12:50:51+00:00
heather.kwok@databricks.com,Heather Kwok,databricks,databricks,,recruiter,inferred_pattern,True,inferred:recruiter-emailing-script,https://github.com/K02D/recruiter-emailing-script,,2027,Summer 2027,pattern:{first}.{last}@databricks.com,2026-06-24T12:50:51+00:00
hemali.bhas@databricks.com,Hemali Bhas,databricks,databricks,,recruiter,inferred_pattern,True,inferred:recruiter-emailing-script,https://github.com/K02D/recruiter-emailing-script,,2027,Summer 2027,pattern:{first}.{last}@databricks.com,2026-06-24T12:50:51+00:00
hin.amran@databricks.com,Hin Amran,databricks,databricks,,recruiter,inferred_pattern,True,inferred:recruiter-emailing-script,https://github.com/K02D/recruiter-emailing-script,,2027,Summer 2027,pattern:{first}.{last}@databricks.com,2026-06-24T12:50:51+00:00
hossein.falaki@databricks.com,Hossein Falaki,databricks,databricks,,recruiter,inferred_pattern,True,inferred:recruiter-emailing-script,https://github.com/K02D/recruiter-emailing-script,,2027,Summer 2027,pattern:{first}.{last}@databricks.com,2026-06-24T12:50:51+00:00
ivan.brooks@databricks.com,Ivan Brooks,databricks,databricks,,recruiter,inferred_pattern,True,inferred:recruiter-emailing-script,https://github.com/K02D/recruiter-emailing-script,,2027,Summer 2027,pattern:{first}.{last}@databricks.com,2026-06-24T12:50:51+00:00
jackson.gates@databricks.com,Jackson Gates,databricks,databricks,,recruiter,inferred_pattern,True,inferred:recruiter-emailing-script,https://github.com/K02D/recruiter-emailing-script,,2027,Summer 2027,pattern:{first}.{last}@databricks.com,2026-06-24T12:50:51+00:00
james.milliron@databricks.com,James Milliron,databricks,databricks,,recruiter,inferred_pattern,True,inferred:recruiter-emailing-script,https://github.com/K02D/recruiter-emailing-script,,2027,Summer 2027,pattern:{first}.{last}@databricks.com,2026-06-24T12:50:51+00:00
jariah.buys@databricks.com,Jariah Buys,databricks,databricks,,recruiter,inferred_pattern,True,inferred:recruiter-emailing-script,https://github.com/K02D/recruiter-emailing-script,,2027,Summer 2027,pattern:{first}.{last}@databricks.com,2026-06-24T12:50:51+00:00
jessica.hsiao@databricks.com,Jessica Hsiao,databricks,databricks,,recruiter,inferred_pattern,True,inferred:recruiter-emailing-script,https://github.com/K02D/recruiter-emailing-script,,2027,Summer 2027,pattern:{first}.{last}@databricks.com,2026-06-24T12:50:51+00:00
jia.hui@databricks.com,Jia Hui,databricks,databricks,,recruiter,inferred_pattern,True,inferred:recruiter-emailing-script,https://github.com/K02D/recruiter-emailing-script,,2027,Summer 2027,pattern:{first}.{last}@databricks.com,2026-06-24T12:50:51+00:00
jimmy.gould@databricks.com,Jimmy Gould,databricks,databricks,,recruiter,inferred_pattern,True,inferred:recruiter-emailing-script,https://github.com/K02D/recruiter-emailing-script,,2027,Summer 2027,pattern:{first}.{last}@databricks.com,2026-06-24T12:50:51+00:00
josh.buck@databricks.com,Josh Buck,databricks,databricks,,recruiter,inferred_pattern,True,inferred:recruiter-emailing-script,https://github.com/K02D/recruiter-emailing-script,,2027,Summer 2027,pattern:{first}.{last}@databricks.com,2026-06-24T12:50:51+00:00
katie.tenboer@databricks.com,Katie Tenboer,databricks,databricks,,recruiter,inferred_pattern,True,inferred:recruiter-emailing-script,https://github.com/K02D/recruiter-emailing-script,,2027,Summer 2027,pattern:{first}.{last}@databricks.com,2026-06-24T12:50:51+00:00
keaka.hashimoto@databricks.com,Keaka Hashimoto,databricks,databricks,,recruiter,inferred_pattern,True,inferred:recruiter-emailing-script,https://github.com/K02D/recruiter-emailing-script,,2027,Summer 2027,pattern:{first}.{last}@databricks.com,2026-06-24T12:50:51+00:00
kelly.guslani@databricks.com,Kelly Guslani,databricks,databricks,,recruiter,inferred_pattern,True,inferred:recruiter-emailing-script,https://github.com/K02D/recruiter-emailing-script,,2027,Summer 2027,pattern:{first}.{last}@databricks.com,2026-06-24T12:50:51+00:00
kevin.woestman@databricks.com,Kevin Woestman,databricks,databricks,,recruiter,inferred_pattern,True,inferred:recruiter-emailing-script,https://github.com/K02D/recruiter-emailing-script,,2027,Summer 2027,pattern:{first}.{last}@databricks.com,2026-06-24T12:50:51+00:00
kristen.benedict@databricks.com,Kristen Benedict,databricks,databricks,,recruiter,inferred_pattern,True,inferred:recruiter-emailing-script,https://github.com/K02D/recruiter-emailing-script,,2027,Summer 2027,pattern:{first}.{last}@databricks.com,2026-06-24T12:50:51+00:00
lauren.steitz@databricks.com,Lauren Steitz,databricks,databricks,,recruiter,inferred_pattern,True,inferred:recruiter-emailing-script,https://github.com/K02D/recruiter-emailing-script,,2027,Summer 2027,pattern:{first}.{last}@databricks.com,2026-06-24T12:50:51+00:00
maura.sweetland@databricks.com,Maura Sweetland,databricks,databricks,,recruiter,inferred_pattern,True,inferred:recruiter-emailing-script,https://github.com/K02D/recruiter-emailing-script,,2027,Summer 2027,pattern:{first}.{last}@databricks.com,2026-06-24T12:50:51+00:00
peter.ruiz@databricks.com,Peter Ruiz,databricks,databricks,,recruiter,inferred_pattern,True,inferred:recruiter-emailing-script,https://github.com/K02D/recruiter-emailing-script,,2027,Summer 2027,pattern:{first}.{last}@databricks.com,2026-06-24T12:50:51+00:00
preeti.chandrashekar@databricks.com,Preeti Chandrashekar,databricks,databricks,,recruiter,inferred_pattern,True,inferred:recruiter-emailing-script,https://github.com/K02D/recruiter-emailing-script,,2027,Summer 2027,pattern:{first}.{last}@databricks.com,2026-06-24T12:50:51+00:00
ray.mills@databricks.com,Ray Mills,databricks,databricks,,recruiter,inferred_pattern,True,inferred:recruiter-emailing-script,https://github.com/K02D/recruiter-emailing-script,,2027,Summer 2027,pattern:{first}.{last}@databricks.com,2026-06-24T12:50:51+00:00
richa.kaushal@databricks.com,Richa Kaushal,databricks,databricks,,recruiter,inferred_pattern,True,inferred:recruiter-emailing-script,https://github.com/K02D/recruiter-emailing-script,,2027,Summer 2027,pattern:{first}.{last}@databricks.com,2026-06-24T12:50:51+00:00
rob.schluensen@databricks.com,Rob Schluensen,databricks,databricks,,recruiter,inferred_pattern,True,inferred:recruiter-emailing-script,https://github.com/K02D/recruiter-emailing-script,,2027,Summer 2027,pattern:{first}.{last}@databricks.com,2026-06-24T12:50:51+00:00
ruth.embaie@databricks.com,Ruth Embaie,databricks,databricks,,recruiter,inferred_pattern,True,inferred:recruiter-emailing-script,https://github.com/K02D/recruiter-emailing-script,,2027,Summer 2027,pattern:{first}.{last}@databricks.com,2026-06-24T12:50:51+00:00
sandhya.jain@databricks.com,Sandhya Jain,databricks,databricks,,recruiter,inferred_pattern,True,inferred:recruiter-emailing-script,https://github.com/K02D/recruiter-emailing-script,,2027,Summer 2027,pattern:{first}.{last}@databricks.com,2026-06-24T12:50:51+00:00
sandra.sandeep@databricks.com,Sandra Sandeep,databricks,databricks,,recruiter,inferred_pattern,True,inferred:recruiter-emailing-script,https://github.com/K02D/recruiter-emailing-script,,2027,Summer 2027,pattern:{first}.{last}@databricks.com,2026-06-24T12:50:51+00:00
susie.huguet@databricks.com,Susie Huguet,databricks,databricks,,recruiter,inferred_pattern,True,inferred:recruiter-emailing-script,https://github.com/K02D/recruiter-emailing-script,,2027,Summer 2027,pattern:{first}.{last}@databricks.com,2026-06-24T12:50:51+00:00
vishali.rathod@databricks.com,Vishali Rathod,databricks,databricks,,recruiter,inferred_pattern,True,inferred:recruiter-emailing-script,https://github.com/K02D/recruiter-emailing-script,,2027,Summer 2027,pattern:{first}.{last}@databricks.com,2026-06-24T12:50:51+00:00
zaheera.valani@databricks.com,Zaheera Valani,databricks,databricks,,recruiter,inferred_pattern,True,inferred:recruiter-emailing-script,https://github.com/K02D/recruiter-emailing-script,,2027,Summer 2027,pattern:{first}.{last}@databricks.com,2026-06-24T12:50:51+00:00
zhexin.jin@databricks.com,Zhexin Jin,databricks,databricks,,recruiter,inferred_pattern,True,inferred:recruiter-emailing-script,https://github.com/K02D/recruiter-emailing-script,,2027,Summer 2027,pattern:{first}.{last}@databricks.com,2026-06-24T12:50:51+00:00
acabrales@google.com,Alexa Cabrales,google,google,,recruiter,inferred_pattern,True,inferred:recruiter-emailing-script,https://github.com/K02D/recruiter-emailing-script,,2027,Summer 2027,pattern:{first[0]}{last}@google.com,2026-06-24T12:50:51+00:00
aphan@google.com,Aiminh Phan,google,google,,recruiter,inferred_pattern,True,inferred:recruiter-emailing-script,https://github.com/K02D/recruiter-emailing-script,,2027,Summer 2027,pattern:{first[0]}{last}@google.com,2026-06-24T12:50:51+00:00
asarosy@google.com,Alexandra Sarosy,google,google,,recruiter,inferred_pattern,True,inferred:recruiter-emailing-script,https://github.com/K02D/recruiter-emailing-script,,2027,Summer 2027,pattern:{first[0]}{last}@google.com,2026-06-24T12:50:51+00:00
atrexler@google.com,Ashley Trexler,google,google,,recruiter,inferred_pattern,True,inferred:recruiter-emailing-script,https://github.com/K02D/recruiter-emailing-script,,2027,Summer 2027,pattern:{first[0]}{last}@google.com,2026-06-24T12:50:51+00:00
awitt@google.com,Amanda Witt,google,google,,recruiter,inferred_pattern,True,inferred:recruiter-emailing-script,https://github.com/K02D/recruiter-emailing-script,,2027,Summer 2027,pattern:{first[0]}{last}@google.com,2026-06-24T12:50:51+00:00
bbishop@google.com,Brian Bishop,google,google,,recruiter,inferred_pattern,True,inferred:recruiter-emailing-script,https://github.com/K02D/recruiter-emailing-script,,2027,Summer 2027,pattern:{first[0]}{last}@google.com,2026-06-24T12:50:51+00:00
bjones@google.com,Brad Jones,google,google,,recruiter,inferred_pattern,True,inferred:recruiter-emailing-script,https://github.com/K02D/recruiter-emailing-script,,2027,Summer 2027,pattern:{first[0]}{last}@google.com,2026-06-24T12:50:51+00:00
bkelley@google.com,Bryan Kelley,google,google,,recruiter,inferred_pattern,True,inferred:recruiter-emailing-script,https://github.com/K02D/recruiter-emailing-script,,2027,Summer 2027,pattern:{first[0]}{last}@google.com,2026-06-24T12:50:51+00:00
bmead@google.com,Ben Mead,google,google,,recruiter,inferred_pattern,True,inferred:recruiter-emailing-script,https://github.com/K02D/recruiter-emailing-script,,2027,Summer 2027,pattern:{first[0]}{last}@google.com,2026-06-24T12:50:51+00:00
bperry@google.com,Brittany Perry,google,google,,recruiter,inferred_pattern,True,inferred:recruiter-emailing-script,https://github.com/K02D/recruiter-emailing-script,,2027,Summer 2027,pattern:{first[0]}{last}@google.com,2026-06-24T12:50:51+00:00
bsherrod@google.com,Betsy Sherrod,google,google,,recruiter,inferred_pattern,True,inferred:recruiter-emailing-script,https://github.com/K02D/recruiter-emailing-script,,2027,Summer 2027,pattern:{first[0]}{last}@google.com,2026-06-24T12:50:51+00:00
bstaiger@google.com,Betsy Staiger,google,google,,recruiter,inferred_pattern,True,inferred:recruiter-emailing-script,https://github.com/K02D/recruiter-emailing-script,,2027,Summer 2027,pattern:{first[0]}{last}@google.com,2026-06-24T12:50:51+00:00
cbrundrett@google.com,Crystal Brundrett,google,google,,recruiter,inferred_pattern,True,inferred:recruiter-emailing-script,https://github.com/K02D/recruiter-emailing-script,,2027,Summer 2027,pattern:{first[0]}{last}@google.com,2026-06-24T12:50:51+00:00
ckennedy@google.com,Colin Kennedy,google,google,,recruiter,inferred_pattern,True,inferred:recruiter-emailing-script,https://github.com/K02D/recruiter-emailing-script,,2027,Summer 2027,pattern:{first[0]}{last}@google.com,2026-06-24T12:50:51+00:00
crodriguez@google.com,Carlos Rodriguez,google,google,,recruiter,inferred_pattern,True,inferred:recruiter-emailing-script,https://github.com/K02D/recruiter-emailing-script,,2027,Summer 2027,pattern:{first[0]}{last}@google.com,2026-06-24T12:50:51+00:00
droyall@google.com,Derek Royall,google,google,,recruiter,inferred_pattern,True,inferred:recruiter-emailing-script,https://github.com/K02D/recruiter-emailing-script,,2027,Summer 2027,pattern:{first[0]}{last}@google.com,2026-06-24T12:50:51+00:00
gcampus@google.com,Google Campus,google,google,,recruiter,inferred_pattern,True,inferred:recruiter-emailing-script,https://github.com/K02D/recruiter-emailing-script,,2027,Summer 2027,pattern:{first[0]}{last}@google.com,2026-06-24T12:50:51+00:00
gchicago@google.com,Greater Chicago,google,google,,recruiter,inferred_pattern,True,inferred:recruiter-emailing-script,https://github.com/K02D/recruiter-emailing-script,,2027,Summer 2027,pattern:{first[0]}{last}@google.com,2026-06-24T12:50:51+00:00
gcloud@google.com,Google Cloud,google,google,,recruiter,inferred_pattern,True,inferred:recruiter-emailing-script,https://github.com/K02D/recruiter-emailing-script,,2027,Summer 2027,pattern:{first[0]}{last}@google.com,2026-06-24T12:50:51+00:00
gcollege@google.com,Google College,google,google,,recruiter,inferred_pattern,True,inferred:recruiter-emailing-script,https://github.com/K02D/recruiter-emailing-script,,2027,Summer 2027,pattern:{first[0]}{last}@google.com,2026-06-24T12:50:51+00:00
jabramowitz@google.com,Jacob Abramowitz,google,google,,recruiter,inferred_pattern,True,inferred:recruiter-emailing-script,https://github.com/K02D/recruiter-emailing-script,,2027,Summer 2027,pattern:{first[0]}{last}@google.com,2026-06-24T12:50:51+00:00
jdoe@google.com,John Doe,google,google,,recruiter,inferred_pattern,True,inferred:recruiter-emailing-script,https://github.com/K02D/recruiter-emailing-script,,2027,Summer 2027,pattern:{first[0]}{last}@google.com,2026-06-24T12:50:51+00:00
jhoefer@google.com,Jordan Hoefer,google,google,,recruiter,inferred_pattern,True,inferred:recruiter-emailing-script,https://github.com/K02D/recruiter-emailing-script,,2027,Summer 2027,pattern:{first[0]}{last}@google.com,2026-06-24T12:50:51+00:00
jkrohn@google.com,Jaclyn Krohn,google,google,,recruiter,inferred_pattern,True,inferred:recruiter-emailing-script,https://github.com/K02D/recruiter-emailing-script,,2027,Summer 2027,pattern:{first[0]}{last}@google.com,2026-06-24T12:50:51+00:00
jpalmer@google.com,Jillian Palmer,google,google,,recruiter,inferred_pattern,True,inferred:recruiter-emailing-script,https://github.com/K02D/recruiter-emailing-script,,2027,Summer 2027,pattern:{first[0]}{last}@google.com,2026-06-24T12:50:51+00:00
jramirez@google.com,Julie Ramirez,google,google,,recruiter,inferred_pattern,True,inferred:recruiter-emailing-script,https://github.com/K02D/recruiter-emailing-script,,2027,Summer 2027,pattern:{first[0]}{last}@google.com,2026-06-24T12:50:51+00:00
jstraatsma@google.com,Jarin Straatsma,google,google,,recruiter,inferred_pattern,True,inferred:recruiter-emailing-script,https://github.com/K02D/recruiter-emailing-script,,2027,Summer 2027,pattern:{first[0]}{last}@google.com,2026-06-24T12:50:51+00:00
kbraase@google.com,Kassidi Braase,google,google,,recruiter,inferred_pattern,True,inferred:recruiter-emailing-script,https://github.com/K02D/recruiter-emailing-script,,2027,Summer 2027,pattern:{first[0]}{last}@google.com,2026-06-24T12:50:51+00:00
kbuxani@google.com,Karishma Buxani,google,google,,recruiter,inferred_pattern,True,inferred:recruiter-emailing-script,https://github.com/K02D/recruiter-emailing-script,,2027,Summer 2027,pattern:{first[0]}{last}@google.com,2026-06-24T12:50:51+00:00
kcallahan@google.com,Kate Callahan,google,google,,recruiter,inferred_pattern,True,inferred:recruiter-emailing-script,https://github.com/K02D/recruiter-emailing-script,,2027,Summer 2027,pattern:{first[0]}{last}@google.com,2026-06-24T12:50:51+00:00
kspinola@google.com,Katie Spinola,google,google,,recruiter,inferred_pattern,True,inferred:recruiter-emailing-script,https://github.com/K02D/recruiter-emailing-script,,2027,Summer 2027,pattern:{first[0]}{last}@google.com,2026-06-24T12:50:51+00:00
kvelasquez@google.com,Keegan Velasquez,google,google,,recruiter,inferred_pattern,True,inferred:recruiter-emailing-script,https://github.com/K02D/recruiter-emailing-script,,2027,Summer 2027,pattern:{first[0]}{last}@google.com,2026-06-24T12:50:51+00:00
mhelton@google.com,Meghan Helton,google,google,,recruiter,inferred_pattern,True,inferred:recruiter-emailing-script,https://github.com/K02D/recruiter-emailing-script,,2027,Summer 2027,pattern:{first[0]}{last}@google.com,2026-06-24T12:50:51+00:00
mjackson@google.com,Melinda Jackson,google,google,,recruiter,inferred_pattern,True,inferred:recruiter-emailing-script,https://github.com/K02D/recruiter-emailing-script,,2027,Summer 2027,pattern:{first[0]}{last}@google.com,2026-06-24T12:50:51+00:00
mward@google.com,Morgan Ward,google,google,,recruiter,inferred_pattern,True,inferred:recruiter-emailing-script,https://github.com/K02D/recruiter-emailing-script,,2027,Summer 2027,pattern:{first[0]}{last}@google.com,2026-06-24T12:50:51+00:00
mwood@google.com,Maggie Wood,google,google,,recruiter,inferred_pattern,True,inferred:recruiter-emailing-script,https://github.com/K02D/recruiter-emailing-script,,2027,Summer 2027,pattern:{first[0]}{last}@google.com,2026-06-24T12:50:51+00:00
nvan@google.com,Noelle Van,google,google,,recruiter,inferred_pattern,True,inferred:recruiter-emailing-script,https://github.com/K02D/recruiter-emailing-script,,2027,Summer 2027,pattern:{first[0]}{last}@google.com,2026-06-24T12:50:51+00:00
pmallavaram@google.com,Pravin Mallavaram,google,google,,recruiter,inferred_pattern,True,inferred:recruiter-emailing-script,https://github.com/K02D/recruiter-emailing-script,,2027,Summer 2027,pattern:{first[0]}{last}@google.com,2026-06-24T12:50:51+00:00
rdhindsa@google.com,Rameen Dhindsa,google,google,,recruiter,inferred_pattern,True,inferred:recruiter-emailing-script,https://github.com/K02D/recruiter-emailing-script,,2027,Summer 2027,pattern:{first[0]}{last}@google.com,2026-06-24T12:50:51+00:00
rmanager@google.com,Recruiting Manager,google,google,,recruiter,inferred_pattern,True,inferred:recruiter-emailing-script,https://github.com/K02D/recruiter-emailing-script,,2027,Summer 2027,pattern:{first[0]}{last}@google.com,2026-06-24T12:50:51+00:00
rvinh@google.com,Ryan Vinh,google,google,,recruiter,inferred_pattern,True,inferred:recruiter-emailing-script,https://github.com/K02D/recruiter-emailing-script,,2027,Summer 2027,pattern:{first[0]}{last}@google.com,2026-06-24T12:50:51+00:00
sbowen@google.com,Stacey Bowen,google,google,,recruiter,inferred_pattern,True,inferred:recruiter-emailing-script,https://github.com/K02D/recruiter-emailing-script,,2027,Summer 2027,pattern:{first[0]}{last}@google.com,2026-06-24T12:50:51+00:00
shays@google.com,Stephen Hays,google,google,,recruiter,inferred_pattern,True,inferred:recruiter-emailing-script,https://github.com/K02D/recruiter-emailing-script,,2027,Summer 2027,pattern:{first[0]}{last}@google.com,2026-06-24T12:50:51+00:00
tdockery@google.com,Todd Dockery,google,google,,recruiter,inferred_pattern,True,inferred:recruiter-emailing-script,https://github.com/K02D/recruiter-emailing-script,,2027,Summer 2027,pattern:{first[0]}{last}@google.com,2026-06-24T12:50:51+00:00
tmohler@google.com,Terri Mohler,google,google,,recruiter,inferred_pattern,True,inferred:recruiter-emailing-script,https://github.com/K02D/recruiter-emailing-script,,2027,Summer 2027,pattern:{first[0]}{last}@google.com,2026-06-24T12:50:51+00:00
zavelino@google.com,Zach Avelino,google,google,,recruiter,inferred_pattern,True,inferred:recruiter-emailing-script,https://github.com/K02D/recruiter-emailing-script,,2027,Summer 2027,pattern:{first[0]}{last}@google.com,2026-06-24T12:50:51+00:00
afarmer@linkedin.com,Ashley Farmer,linkedin,linkedin,,recruiter,inferred_pattern,True,inferred:recruiter-emailing-script,https://github.com/K02D/recruiter-emailing-script,,2027,Summer 2027,pattern:{first[0]}{last}@linkedin.com,2026-06-24T12:50:51+00:00
aleftwich@linkedin.com,Addison Leftwich,linkedin,linkedin,,recruiter,inferred_pattern,True,inferred:recruiter-emailing-script,https://github.com/K02D/recruiter-emailing-script,,2027,Summer 2027,pattern:{first[0]}{last}@linkedin.com,2026-06-24T12:50:51+00:00
alutton@linkedin.com,Amanda Lutton,linkedin,linkedin,,recruiter,inferred_pattern,True,inferred:recruiter-emailing-script,https://github.com/K02D/recruiter-emailing-script,,2027,Summer 2027,pattern:{first[0]}{last}@linkedin.com,2026-06-24T12:50:51+00:00
aluu@linkedin.com,Amanda Luu,linkedin,linkedin,,recruiter,inferred_pattern,True,inferred:recruiter-emailing-script,https://github.com/K02D/recruiter-emailing-script,,2027,Summer 2027,pattern:{first[0]}{last}@linkedin.com,2026-06-24T12:50:51+00:00
anogueira@linkedin.com,Alyssa Nogueira,linkedin,linkedin,,recruiter,inferred_pattern,True,inferred:recruiter-emailing-script,https://github.com/K02D/recruiter-emailing-script,,2027,Summer 2027,pattern:{first[0]}{last}@linkedin.com,2026-06-24T12:50:51+00:00
apainchaud@linkedin.com,Austin Painchaud,linkedin,linkedin,,recruiter,inferred_pattern,True,inferred:recruiter-emailing-script,https://github.com/K02D/recruiter-emailing-script,,2027,Summer 2027,pattern:{first[0]}{last}@linkedin.com,2026-06-24T12:50:51+00:00
bbosselait@linkedin.com,Brittanie Bosselait,linkedin,linkedin,,recruiter,inferred_pattern,True,inferred:recruiter-emailing-script,https://github.com/K02D/recruiter-emailing-script,,2027,Summer 2027,pattern:{first[0]}{last}@linkedin.com,2026-06-24T12:50:51+00:00
bnorth@linkedin.com,Baylee North,linkedin,linkedin,,recruiter,inferred_pattern,True,inferred:recruiter-emailing-script,https://github.com/K02D/recruiter-emailing-script,,2027,Summer 2027,pattern:{first[0]}{last}@linkedin.com,2026-06-24T12:50:51+00:00
bwestergaard@linkedin.com,Benjamin Westergaard,linkedin,linkedin,,recruiter,inferred_pattern,True,inferred:recruiter-emailing-script,https://github.com/K02D/recruiter-emailing-script,,2027,Summer 2027,pattern:{first[0]}{last}@linkedin.com,2026-06-24T12:50:51+00:00
cacord@linkedin.com,Chris Acord,linkedin,linkedin,,recruiter,inferred_pattern,True,inferred:recruiter-emailing-script,https://github.com/K02D/recruiter-emailing-script,,2027,Summer 2027,pattern:{first[0]}{last}@linkedin.com,2026-06-24T12:50:51+00:00
calarcon@linkedin.com,Christopher Alarcon,linkedin,linkedin,,recruiter,inferred_pattern,True,inferred:recruiter-emailing-script,https://github.com/K02D/recruiter-emailing-script,,2027,Summer 2027,pattern:{first[0]}{last}@linkedin.com,2026-06-24T12:50:51+00:00
charper@linkedin.com,Catherine Harper,linkedin,linkedin,,recruiter,inferred_pattern,True,inferred:recruiter-emailing-script,https://github.com/K02D/recruiter-emailing-script,,2027,Summer 2027,pattern:{first[0]}{last}@linkedin.com,2026-06-24T12:50:51+00:00
cporter@linkedin.com,Carly Porter,linkedin,linkedin,,recruiter,inferred_pattern,True,inferred:recruiter-emailing-script,https://github.com/K02D/recruiter-emailing-script,,2027,Summer 2027,pattern:{first[0]}{last}@linkedin.com,2026-06-24T12:50:51+00:00
din@linkedin.com,David In,linkedin,linkedin,,recruiter,inferred_pattern,True,inferred:recruiter-emailing-script,https://github.com/K02D/recruiter-emailing-script,,2027,Summer 2027,pattern:{first[0]}{last}@linkedin.com,2026-06-24T12:50:51+00:00
dsmith@linkedin.com,Derek Smith,linkedin,linkedin,,recruiter,inferred_pattern,True,inferred:recruiter-emailing-script,https://github.com/K02D/recruiter-emailing-script,,2027,Summer 2027,pattern:{first[0]}{last}@linkedin.com,2026-06-24T12:50:51+00:00
hmikelberg@linkedin.com,Heather Mikelberg,linkedin,linkedin,,recruiter,inferred_pattern,True,inferred:recruiter-emailing-script,https://github.com/K02D/recruiter-emailing-script,,2027,Summer 2027,pattern:{first[0]}{last}@linkedin.com,2026-06-24T12:50:51+00:00
hwolf@linkedin.com,Hannah Wolf,linkedin,linkedin,,recruiter,inferred_pattern,True,inferred:recruiter-emailing-script,https://github.com/K02D/recruiter-emailing-script,,2027,Summer 2027,pattern:{first[0]}{last}@linkedin.com,2026-06-24T12:50:51+00:00
kbanchek@linkedin.com,Katie Banchek,linkedin,linkedin,,recruiter,inferred_pattern,True,inferred:recruiter-emailing-script,https://github.com/K02D/recruiter-emailing-script,,2027,Summer 2027,pattern:{first[0]}{last}@linkedin.com,2026-06-24T12:50:51+00:00
knoel@linkedin.com,Kalin Noel,linkedin,linkedin,,recruiter,inferred_pattern,True,inferred:recruiter-emailing-script,https://github.com/K02D/recruiter-emailing-script,,2027,Summer 2027,pattern:{first[0]}{last}@linkedin.com,2026-06-24T12:50:51+00:00
kstricklin@linkedin.com,Kasey Stricklin,linkedin,linkedin,,recruiter,inferred_pattern,True,inferred:recruiter-emailing-script,https://github.com/K02D/recruiter-emailing-script,,2027,Summer 2027,pattern:{first[0]}{last}@linkedin.com,2026-06-24T12:50:51+00:00
kswaby@linkedin.com,Kamara Swaby,linkedin,linkedin,,recruiter,inferred_pattern,True,inferred:recruiter-emailing-script,https://github.com/K02D/recruiter-emailing-script,,2027,Summer 2027,pattern:{first[0]}{last}@linkedin.com,2026-06-24T12:50:51+00:00
llacy@linkedin.com,Logan Lacy,linkedin,linkedin,,recruiter,inferred_pattern,True,inferred:recruiter-emailing-script,https://github.com/K02D/recruiter-emailing-script,,2027,Summer 2027,pattern:{first[0]}{last}@linkedin.com,2026-06-24T12:50:51+00:00
lsteitz@linkedin.com,Lauren Steitz,linkedin,linkedin,,recruiter,inferred_pattern,True,inferred:recruiter-emailing-script,https://github.com/K02D/recruiter-emailing-script,,2027,Summer 2027,pattern:{first[0]}{last}@linkedin.com,2026-06-24T12:50:51+00:00
mmooers@linkedin.com,Madison Mooers,linkedin,linkedin,,recruiter,inferred_pattern,True,inferred:recruiter-emailing-script,https://github.com/K02D/recruiter-emailing-script,,2027,Summer 2027,pattern:{first[0]}{last}@linkedin.com,2026-06-24T12:50:51+00:00
mpech@linkedin.com,Malina Pech,linkedin,linkedin,,recruiter,inferred_pattern,True,inferred:recruiter-emailing-script,https://github.com/K02D/recruiter-emailing-script,,2027,Summer 2027,pattern:{first[0]}{last}@linkedin.com,2026-06-24T12:50:51+00:00
nmathisen@linkedin.com,Nancy Mathisen,linkedin,linkedin,,recruiter,inferred_pattern,True,inferred:recruiter-emailing-script,https://github.com/K02D/recruiter-emailing-script,,2027,Summer 2027,pattern:{first[0]}{last}@linkedin.com,2026-06-24T12:50:51+00:00
pkang@linkedin.com,Paulette Kang,linkedin,linkedin,,recruiter,inferred_pattern,True,inferred:recruiter-emailing-script,https://github.com/K02D/recruiter-emailing-script,,2027,Summer 2027,pattern:{first[0]}{last}@linkedin.com,2026-06-24T12:50:51+00:00
scrowley@linkedin.com,Shawn Crowley,linkedin,linkedin,,recruiter,inferred_pattern,True,inferred:recruiter-emailing-script,https://github.com/K02D/recruiter-emailing-script,,2027,Summer 2027,pattern:{first[0]}{last}@linkedin.com,2026-06-24T12:50:51+00:00
tbanh@linkedin.com,Tiffany Banh,linkedin,linkedin,,recruiter,inferred_pattern,True,inferred:recruiter-emailing-script,https://github.com/K02D/recruiter-emailing-script,,2027,Summer 2027,pattern:{first[0]}{last}@linkedin.com,2026-06-24T12:50:51+00:00
tguignard@linkedin.com,Tania Guignard,linkedin,linkedin,,recruiter,inferred_pattern,True,inferred:recruiter-emailing-script,https://github.com/K02D/recruiter-emailing-script,,2027,Summer 2027,pattern:{first[0]}{last}@linkedin.com,2026-06-24T12:50:51+00:00
urecruiters@linkedin.com,University Recruiters,linkedin,linkedin,,recruiter,inferred_pattern,True,inferred:recruiter-emailing-script,https://github.com/K02D/recruiter-emailing-script,,2027,Summer 2027,pattern:{first[0]}{last}@linkedin.com,2026-06-24T12:50:51+00:00
urecruiting@linkedin.com,University Recruiting,linkedin,linkedin,,recruiter,inferred_pattern,True,inferred:recruiter-emailing-script,https://github.com/K02D/recruiter-emailing-script,,2027,Summer 2027,pattern:{first[0]}{last}@linkedin.com,2026-06-24T12:50:51+00:00
ustates@linkedin.com,United States,linkedin,linkedin,,recruiter,inferred_pattern,True,inferred:recruiter-emailing-script,https://github.com/K02D/recruiter-emailing-script,,2027,Summer 2027,pattern:{first[0]}{last}@linkedin.com,2026-06-24T12:50:51+00:00
aburbick@fb.com,Ashley Burbick,meta,meta,,recruiter,inferred_pattern,True,inferred:recruiter-emailing-script,https://github.com/K02D/recruiter-emailing-script,,2027,Summer 2027,pattern:{first[0]}{last}@fb.com,2026-06-24T12:50:51+00:00
achen@fb.com,Arthur Chen,meta,meta,,recruiter,inferred_pattern,True,inferred:recruiter-emailing-script,https://github.com/K02D/recruiter-emailing-script,,2027,Summer 2027,pattern:{first[0]}{last}@fb.com,2026-06-24T12:50:51+00:00
akhaleel@fb.com,Aubrey Khaleel,meta,meta,,recruiter,inferred_pattern,True,inferred:recruiter-emailing-script,https://github.com/K02D/recruiter-emailing-script,,2027,Summer 2027,pattern:{first[0]}{last}@fb.com,2026-06-24T12:50:51+00:00
alim@fb.com,Alex Lim,meta,meta,,recruiter,inferred_pattern,True,inferred:recruiter-emailing-script,https://github.com/K02D/recruiter-emailing-script,,2027,Summer 2027,pattern:{first[0]}{last}@fb.com,2026-06-24T12:50:51+00:00
alora@fb.com,Adderlyn Lora,meta,meta,,recruiter,inferred_pattern,True,inferred:recruiter-emailing-script,https://github.com/K02D/recruiter-emailing-script,,2027,Summer 2027,pattern:{first[0]}{last}@fb.com,2026-06-24T12:50:51+00:00
areiff@fb.com,Ali Reiff,meta,meta,,recruiter,inferred_pattern,True,inferred:recruiter-emailing-script,https://github.com/K02D/recruiter-emailing-script,,2027,Summer 2027,pattern:{first[0]}{last}@fb.com,2026-06-24T12:50:51+00:00
blattimore@fb.com,Brandi Lattimore,meta,meta,,recruiter,inferred_pattern,True,inferred:recruiter-emailing-script,https://github.com/K02D/recruiter-emailing-script,,2027,Summer 2027,pattern:{first[0]}{last}@fb.com,2026-06-24T12:50:51+00:00
blobb@fb.com,Brandon Lobb,meta,meta,,recruiter,inferred_pattern,True,inferred:recruiter-emailing-script,https://github.com/K02D/recruiter-emailing-script,,2027,Summer 2027,pattern:{first[0]}{last}@fb.com,2026-06-24T12:50:51+00:00
craphael@fb.com,Collin Raphael,meta,meta,,recruiter,inferred_pattern,True,inferred:recruiter-emailing-script,https://github.com/K02D/recruiter-emailing-script,,2027,Summer 2027,pattern:{first[0]}{last}@fb.com,2026-06-24T12:50:51+00:00
crecruiting@fb.com,Campus Recruiting,meta,meta,,recruiter,inferred_pattern,True,inferred:recruiter-emailing-script,https://github.com/K02D/recruiter-emailing-script,,2027,Summer 2027,pattern:{first[0]}{last}@fb.com,2026-06-24T12:50:51+00:00
dchang@fb.com,Doris Chang,meta,meta,,recruiter,inferred_pattern,True,inferred:recruiter-emailing-script,https://github.com/K02D/recruiter-emailing-script,,2027,Summer 2027,pattern:{first[0]}{last}@fb.com,2026-06-24T12:50:51+00:00
dkleshinski@fb.com,Danielle Kleshinski,meta,meta,,recruiter,inferred_pattern,True,inferred:recruiter-emailing-script,https://github.com/K02D/recruiter-emailing-script,,2027,Summer 2027,pattern:{first[0]}{last}@fb.com,2026-06-24T12:50:51+00:00
dpalm@fb.com,Denzel Palm,meta,meta,,recruiter,inferred_pattern,True,inferred:recruiter-emailing-script,https://github.com/K02D/recruiter-emailing-script,,2027,Summer 2027,pattern:{first[0]}{last}@fb.com,2026-06-24T12:50:51+00:00
eguerrero@fb.com,Enrique Guerrero,meta,meta,,recruiter,inferred_pattern,True,inferred:recruiter-emailing-script,https://github.com/K02D/recruiter-emailing-script,,2027,Summer 2027,pattern:{first[0]}{last}@fb.com,2026-06-24T12:50:51+00:00
ekim@fb.com,Elisha Kim,meta,meta,,recruiter,inferred_pattern,True,inferred:recruiter-emailing-script,https://github.com/K02D/recruiter-emailing-script,,2027,Summer 2027,pattern:{first[0]}{last}@fb.com,2026-06-24T12:50:51+00:00
esearch@fb.com,Executive Search,meta,meta,,recruiter,inferred_pattern,True,inferred:recruiter-emailing-script,https://github.com/K02D/recruiter-emailing-script,,2027,Summer 2027,pattern:{first[0]}{last}@fb.com,2026-06-24T12:50:51+00:00
gphoenix@fb.com,Greater Phoenix,meta,meta,,recruiter,inferred_pattern,True,inferred:recruiter-emailing-script,https://github.com/K02D/recruiter-emailing-script,,2027,Summer 2027,pattern:{first[0]}{last}@fb.com,2026-06-24T12:50:51+00:00
hbarzily@fb.com,Hila Barzily,meta,meta,,recruiter,inferred_pattern,True,inferred:recruiter-emailing-script,https://github.com/K02D/recruiter-emailing-script,,2027,Summer 2027,pattern:{first[0]}{last}@fb.com,2026-06-24T12:50:51+00:00
hyuh@fb.com,Hannah Yuh,meta,meta,,recruiter,inferred_pattern,True,inferred:recruiter-emailing-script,https://github.com/K02D/recruiter-emailing-script,,2027,Summer 2027,pattern:{first[0]}{last}@fb.com,2026-06-24T12:50:51+00:00
jackermann@fb.com,Jed Ackermann,meta,meta,,recruiter,inferred_pattern,True,inferred:recruiter-emailing-script,https://github.com/K02D/recruiter-emailing-script,,2027,Summer 2027,pattern:{first[0]}{last}@fb.com,2026-06-24T12:50:51+00:00
jalexander@fb.com,Jhordan Alexander,meta,meta,,recruiter,inferred_pattern,True,inferred:recruiter-emailing-script,https://github.com/K02D/recruiter-emailing-script,,2027,Summer 2027,pattern:{first[0]}{last}@fb.com,2026-06-24T12:50:51+00:00
jplant@fb.com,Jessica Plant,meta,meta,,recruiter,inferred_pattern,True,inferred:recruiter-emailing-script,https://github.com/K02D/recruiter-emailing-script,,2027,Summer 2027,pattern:{first[0]}{last}@fb.com,2026-06-24T12:50:51+00:00
jthai@fb.com,Jamie Thai,meta,meta,,recruiter,inferred_pattern,True,inferred:recruiter-emailing-script,https://github.com/K02D/recruiter-emailing-script,,2027,Summer 2027,pattern:{first[0]}{last}@fb.com,2026-06-24T12:50:51+00:00
karnold@fb.com,Keiyana Arnold,meta,meta,,recruiter,inferred_pattern,True,inferred:recruiter-emailing-script,https://github.com/K02D/recruiter-emailing-script,,2027,Summer 2027,pattern:{first[0]}{last}@fb.com,2026-06-24T12:50:51+00:00
kbarnes@fb.com,Kevin Barnes,meta,meta,,recruiter,inferred_pattern,True,inferred:recruiter-emailing-script,https://github.com/K02D/recruiter-emailing-script,,2027,Summer 2027,pattern:{first[0]}{last}@fb.com,2026-06-24T12:50:51+00:00
kbutler@fb.com,Kelly Butler,meta,meta,,recruiter,inferred_pattern,True,inferred:recruiter-emailing-script,https://github.com/K02D/recruiter-emailing-script,,2027,Summer 2027,pattern:{first[0]}{last}@fb.com,2026-06-24T12:50:51+00:00
kjones@fb.com,Kolin Jones,meta,meta,,recruiter,inferred_pattern,True,inferred:recruiter-emailing-script,https://github.com/K02D/recruiter-emailing-script,,2027,Summer 2027,pattern:{first[0]}{last}@fb.com,2026-06-24T12:50:51+00:00
ksimon@fb.com,Kelly Simon,meta,meta,,recruiter,inferred_pattern,True,inferred:recruiter-emailing-script,https://github.com/K02D/recruiter-emailing-script,,2027,Summer 2027,pattern:{first[0]}{last}@fb.com,2026-06-24T12:50:51+00:00
kthwaits@fb.com,Kelly Thwaits,meta,meta,,recruiter,inferred_pattern,True,inferred:recruiter-emailing-script,https://github.com/K02D/recruiter-emailing-script,,2027,Summer 2027,pattern:{first[0]}{last}@fb.com,2026-06-24T12:50:51+00:00
lmarcus@fb.com,Lindsay Marcus,meta,meta,,recruiter,inferred_pattern,True,inferred:recruiter-emailing-script,https://github.com/K02D/recruiter-emailing-script,,2027,Summer 2027,pattern:{first[0]}{last}@fb.com,2026-06-24T12:50:51+00:00
mbrunner@fb.com,Malea Brunner,meta,meta,,recruiter,inferred_pattern,True,inferred:recruiter-emailing-script,https://github.com/K02D/recruiter-emailing-script,,2027,Summer 2027,pattern:{first[0]}{last}@fb.com,2026-06-24T12:50:51+00:00
mharn@fb.com,Meagan Harn,meta,meta,,recruiter,inferred_pattern,True,inferred:recruiter-emailing-script,https://github.com/K02D/recruiter-emailing-script,,2027,Summer 2027,pattern:{first[0]}{last}@fb.com,2026-06-24T12:50:51+00:00
mmartin@fb.com,Molly Martin,meta,meta,,recruiter,inferred_pattern,True,inferred:recruiter-emailing-script,https://github.com/K02D/recruiter-emailing-script,,2027,Summer 2027,pattern:{first[0]}{last}@fb.com,2026-06-24T12:50:51+00:00
muniversity@fb.com,Millersville University,meta,meta,,recruiter,inferred_pattern,True,inferred:recruiter-emailing-script,https://github.com/K02D/recruiter-emailing-script,,2027,Summer 2027,pattern:{first[0]}{last}@fb.com,2026-06-24T12:50:51+00:00
nfearnett@fb.com,Naomi Fearnett,meta,meta,,recruiter,inferred_pattern,True,inferred:recruiter-emailing-script,https://github.com/K02D/recruiter-emailing-script,,2027,Summer 2027,pattern:{first[0]}{last}@fb.com,2026-06-24T12:50:51+00:00
nhernandez@fb.com,Nicolle Hernandez,meta,meta,,recruiter,inferred_pattern,True,inferred:recruiter-emailing-script,https://github.com/K02D/recruiter-emailing-script,,2027,Summer 2027,pattern:{first[0]}{last}@fb.com,2026-06-24T12:50:51+00:00
olev@fb.com,Ortal Lev,meta,meta,,recruiter,inferred_pattern,True,inferred:recruiter-emailing-script,https://github.com/K02D/recruiter-emailing-script,,2027,Summer 2027,pattern:{first[0]}{last}@fb.com,2026-06-24T12:50:51+00:00
pinserra@fb.com,Pam Inserra,meta,meta,,recruiter,inferred_pattern,True,inferred:recruiter-emailing-script,https://github.com/K02D/recruiter-emailing-script,,2027,Summer 2027,pattern:{first[0]}{last}@fb.com,2026-06-24T12:50:51+00:00
rguidry@fb.com,Rhyan Guidry,meta,meta,,recruiter,inferred_pattern,True,inferred:recruiter-emailing-script,https://github.com/K02D/recruiter-emailing-script,,2027,Summer 2027,pattern:{first[0]}{last}@fb.com,2026-06-24T12:50:51+00:00
rstabile@fb.com,Raela Stabile,meta,meta,,recruiter,inferred_pattern,True,inferred:recruiter-emailing-script,https://github.com/K02D/recruiter-emailing-script,,2027,Summer 2027,pattern:{first[0]}{last}@fb.com,2026-06-24T12:50:51+00:00
sbishara@fb.com,Stephanie Bishara,meta,meta,,recruiter,inferred_pattern,True,inferred:recruiter-emailing-script,https://github.com/K02D/recruiter-emailing-script,,2027,Summer 2027,pattern:{first[0]}{last}@fb.com,2026-06-24T12:50:51+00:00
scalifornia@fb.com,Southern California,meta,meta,,recruiter,inferred_pattern,True,inferred:recruiter-emailing-script,https://github.com/K02D/recruiter-emailing-script,,2027,Summer 2027,pattern:{first[0]}{last}@fb.com,2026-06-24T12:50:51+00:00
shurley@fb.com,Sarah Hurley,meta,meta,,recruiter,inferred_pattern,True,inferred:recruiter-emailing-script,https://github.com/K02D/recruiter-emailing-script,,2027,Summer 2027,pattern:{first[0]}{last}@fb.com,2026-06-24T12:50:51+00:00
skim@fb.com,Stephan Kim,meta,meta,,recruiter,inferred_pattern,True,inferred:recruiter-emailing-script,https://github.com/K02D/recruiter-emailing-script,,2027,Summer 2027,pattern:{first[0]}{last}@fb.com,2026-06-24T12:50:51+00:00
aakaanksha.pandey@microsoft.com,Aakaanksha Pandey,microsoft,microsoft,,recruiter,inferred_pattern,True,inferred:recruiter-emailing-script,https://github.com/K02D/recruiter-emailing-script,,2027,Summer 2027,pattern:{first}.{last}@microsoft.com,2026-06-24T12:50:51+00:00
aaron.brown@microsoft.com,Aaron Brown,microsoft,microsoft,,recruiter,inferred_pattern,True,inferred:recruiter-emailing-script,https://github.com/K02D/recruiter-emailing-script,,2027,Summer 2027,pattern:{first}.{last}@microsoft.com,2026-06-24T12:50:51+00:00
amy.arnold@microsoft.com,Amy Arnold,microsoft,microsoft,,recruiter,inferred_pattern,True,inferred:recruiter-emailing-script,https://github.com/K02D/recruiter-emailing-script,,2027,Summer 2027,pattern:{first}.{last}@microsoft.com,2026-06-24T12:50:51+00:00
batel.cohen@microsoft.com,Batel Cohen,microsoft,microsoft,,recruiter,inferred_pattern,True,inferred:recruiter-emailing-script,https://github.com/K02D/recruiter-emailing-script,,2027,Summer 2027,pattern:{first}.{last}@microsoft.com,2026-06-24T12:50:51+00:00
beau.nipper@microsoft.com,Beau Nipper,microsoft,microsoft,,recruiter,inferred_pattern,True,inferred:recruiter-emailing-script,https://github.com/K02D/recruiter-emailing-script,,2027,Summer 2027,pattern:{first}.{last}@microsoft.com,2026-06-24T12:50:51+00:00
beckylin.orooji@microsoft.com,Beckylin Orooji,microsoft,microsoft,,recruiter,inferred_pattern,True,inferred:recruiter-emailing-script,https://github.com/K02D/recruiter-emailing-script,,2027,Summer 2027,pattern:{first}.{last}@microsoft.com,2026-06-24T12:50:51+00:00
bhaskar.shrotriya@microsoft.com,Bhaskar Shrotriya,microsoft,microsoft,,recruiter,inferred_pattern,True,inferred:recruiter-emailing-script,https://github.com/K02D/recruiter-emailing-script,,2027,Summer 2027,pattern:{first}.{last}@microsoft.com,2026-06-24T12:50:51+00:00
blossom.pinto@microsoft.com,Blossom Pinto,microsoft,microsoft,,recruiter,inferred_pattern,True,inferred:recruiter-emailing-script,https://github.com/K02D/recruiter-emailing-script,,2027,Summer 2027,pattern:{first}.{last}@microsoft.com,2026-06-24T12:50:51+00:00
breanne.thompson@microsoft.com,Breanne Thompson,microsoft,microsoft,,recruiter,inferred_pattern,True,inferred:recruiter-emailing-script,https://github.com/K02D/recruiter-emailing-script,,2027,Summer 2027,pattern:{first}.{last}@microsoft.com,2026-06-24T12:50:51+00:00
brooke.simpson@microsoft.com,Brooke Simpson,microsoft,microsoft,,recruiter,inferred_pattern,True,inferred:recruiter-emailing-script,https://github.com/K02D/recruiter-emailing-script,,2027,Summer 2027,pattern:{first}.{last}@microsoft.com,2026-06-24T12:50:51+00:00
business.program@microsoft.com,Business Program,microsoft,microsoft,,recruiter,inferred_pattern,True,inferred:recruiter-emailing-script,https://github.com/K02D/recruiter-emailing-script,,2027,Summer 2027,pattern:{first}.{last}@microsoft.com,2026-06-24T12:50:51+00:00
cammy.vasquez@microsoft.com,Cammy Vasquez,microsoft,microsoft,,recruiter,inferred_pattern,True,inferred:recruiter-emailing-script,https://github.com/K02D/recruiter-emailing-script,,2027,Summer 2027,pattern:{first}.{last}@microsoft.com,2026-06-24T12:50:51+00:00
carlos.hernandez@microsoft.com,Carlos Hernandez,microsoft,microsoft,,recruiter,inferred_pattern,True,inferred:recruiter-emailing-script,https://github.com/K02D/recruiter-emailing-script,,2027,Summer 2027,pattern:{first}.{last}@microsoft.com,2026-06-24T12:50:51+00:00
chelsea.hua@microsoft.com,Chelsea Hua,microsoft,microsoft,,recruiter,inferred_pattern,True,inferred:recruiter-emailing-script,https://github.com/K02D/recruiter-emailing-script,,2027,Summer 2027,pattern:{first}.{last}@microsoft.com,2026-06-24T12:50:51+00:00
chelsea.tomlinson@microsoft.com,Chelsea Tomlinson,microsoft,microsoft,,recruiter,inferred_pattern,True,inferred:recruiter-emailing-script,https://github.com/K02D/recruiter-emailing-script,,2027,Summer 2027,pattern:{first}.{last}@microsoft.com,2026-06-24T12:50:51+00:00
chioma.acholonu@microsoft.com,Chioma Acholonu,microsoft,microsoft,,recruiter,inferred_pattern,True,inferred:recruiter-emailing-script,https://github.com/K02D/recruiter-emailing-script,,2027,Summer 2027,pattern:{first}.{last}@microsoft.com,2026-06-24T12:50:51+00:00
couto.reis@microsoft.com,Couto Reis,microsoft,microsoft,,recruiter,inferred_pattern,True,inferred:recruiter-emailing-script,https://github.com/K02D/recruiter-emailing-script,,2027,Summer 2027,pattern:{first}.{last}@microsoft.com,2026-06-24T12:50:51+00:00
damon.coupe@microsoft.com,Damon Coupe,microsoft,microsoft,,recruiter,inferred_pattern,True,inferred:recruiter-emailing-script,https://github.com/K02D/recruiter-emailing-script,,2027,Summer 2027,pattern:{first}.{last}@microsoft.com,2026-06-24T12:50:51+00:00
ellen.messer@microsoft.com,Ellen Messer,microsoft,microsoft,,recruiter,inferred_pattern,True,inferred:recruiter-emailing-script,https://github.com/K02D/recruiter-emailing-script,,2027,Summer 2027,pattern:{first}.{last}@microsoft.com,2026-06-24T12:50:51+00:00
ellen.thorley@microsoft.com,Ellen Thorley,microsoft,microsoft,,recruiter,inferred_pattern,True,inferred:recruiter-emailing-script,https://github.com/K02D/recruiter-emailing-script,,2027,Summer 2027,pattern:{first}.{last}@microsoft.com,2026-06-24T12:50:51+00:00
erin.odell@microsoft.com,Erin Odell,microsoft,microsoft,,recruiter,inferred_pattern,True,inferred:recruiter-emailing-script,https://github.com/K02D/recruiter-emailing-script,,2027,Summer 2027,pattern:{first}.{last}@microsoft.com,2026-06-24T12:50:51+00:00
felicity.blazevic@microsoft.com,Felicity Blazevic,microsoft,microsoft,,recruiter,inferred_pattern,True,inferred:recruiter-emailing-script,https://github.com/K02D/recruiter-emailing-script,,2027,Summer 2027,pattern:{first}.{last}@microsoft.com,2026-06-24T12:50:51+00:00
hillary.lundberg@microsoft.com,Hillary Lundberg,microsoft,microsoft,,recruiter,inferred_pattern,True,inferred:recruiter-emailing-script,https://github.com/K02D/recruiter-emailing-script,,2027,Summer 2027,pattern:{first}.{last}@microsoft.com,2026-06-24T12:50:51+00:00
jessica.may@microsoft.com,Jessica May,microsoft,microsoft,,recruiter,inferred_pattern,True,inferred:recruiter-emailing-script,https://github.com/K02D/recruiter-emailing-script,,2027,Summer 2027,pattern:{first}.{last}@microsoft.com,2026-06-24T12:50:51+00:00
john.ryan@microsoft.com,John Ryan,microsoft,microsoft,,recruiter,inferred_pattern,True,inferred:recruiter-emailing-script,https://github.com/K02D/recruiter-emailing-script,,2027,Summer 2027,pattern:{first}.{last}@microsoft.com,2026-06-24T12:50:51+00:00
kaitlyn.melby@microsoft.com,Kaitlyn Melby,microsoft,microsoft,,recruiter,inferred_pattern,True,inferred:recruiter-emailing-script,https://github.com/K02D/recruiter-emailing-script,,2027,Summer 2027,pattern:{first}.{last}@microsoft.com,2026-06-24T12:50:51+00:00
kamara.swaby@microsoft.com,Kamara Swaby,microsoft,microsoft,,recruiter,inferred_pattern,True,inferred:recruiter-emailing-script,https://github.com/K02D/recruiter-emailing-script,,2027,Summer 2027,pattern:{first}.{last}@microsoft.com,2026-06-24T12:50:51+00:00
kelsey.saboori@microsoft.com,Kelsey Saboori,microsoft,microsoft,,recruiter,inferred_pattern,True,inferred:recruiter-emailing-script,https://github.com/K02D/recruiter-emailing-script,,2027,Summer 2027,pattern:{first}.{last}@microsoft.com,2026-06-24T12:50:51+00:00
kristi.kennebrew@microsoft.com,Kristi Kennebrew,microsoft,microsoft,,recruiter,inferred_pattern,True,inferred:recruiter-emailing-script,https://github.com/K02D/recruiter-emailing-script,,2027,Summer 2027,pattern:{first}.{last}@microsoft.com,2026-06-24T12:50:51+00:00
kristin.straube@microsoft.com,Kristin Straube,microsoft,microsoft,,recruiter,inferred_pattern,True,inferred:recruiter-emailing-script,https://github.com/K02D/recruiter-emailing-script,,2027,Summer 2027,pattern:{first}.{last}@microsoft.com,2026-06-24T12:50:51+00:00
kristina.ortiz@microsoft.com,Kristina Ortiz,microsoft,microsoft,,recruiter,inferred_pattern,True,inferred:recruiter-emailing-script,https://github.com/K02D/recruiter-emailing-script,,2027,Summer 2027,pattern:{first}.{last}@microsoft.com,2026-06-24T12:50:51+00:00
maddie.lorraine@microsoft.com,Maddie Lorraine,microsoft,microsoft,,recruiter,inferred_pattern,True,inferred:recruiter-emailing-script,https://github.com/K02D/recruiter-emailing-script,,2027,Summer 2027,pattern:{first}.{last}@microsoft.com,2026-06-24T12:50:51+00:00
maggie.bott@microsoft.com,Maggie Bott,microsoft,microsoft,,recruiter,inferred_pattern,True,inferred:recruiter-emailing-script,https://github.com/K02D/recruiter-emailing-script,,2027,Summer 2027,pattern:{first}.{last}@microsoft.com,2026-06-24T12:50:51+00:00
maya.hessing@microsoft.com,Maya Hessing,microsoft,microsoft,,recruiter,inferred_pattern,True,inferred:recruiter-emailing-script,https://github.com/K02D/recruiter-emailing-script,,2027,Summer 2027,pattern:{first}.{last}@microsoft.com,2026-06-24T12:50:51+00:00
michelle.cao@microsoft.com,Michelle Cao,microsoft,microsoft,,recruiter,inferred_pattern,True,inferred:recruiter-emailing-script,https://github.com/K02D/recruiter-emailing-script,,2027,Summer 2027,pattern:{first}.{last}@microsoft.com,2026-06-24T12:50:51+00:00
mohammed.fahad@microsoft.com,Mohammed Fahad,microsoft,microsoft,,recruiter,inferred_pattern,True,inferred:recruiter-emailing-script,https://github.com/K02D/recruiter-emailing-script,,2027,Summer 2027,pattern:{first}.{last}@microsoft.com,2026-06-24T12:50:51+00:00
neil.oyston@microsoft.com,Neil Oyston,microsoft,microsoft,,recruiter,inferred_pattern,True,inferred:recruiter-emailing-script,https://github.com/K02D/recruiter-emailing-script,,2027,Summer 2027,pattern:{first}.{last}@microsoft.com,2026-06-24T12:50:51+00:00
renate.norman@microsoft.com,Renate Norman,microsoft,microsoft,,recruiter,inferred_pattern,True,inferred:recruiter-emailing-script,https://github.com/K02D/recruiter-emailing-script,,2027,Summer 2027,pattern:{first}.{last}@microsoft.com,2026-06-24T12:50:51+00:00
sarah.davidson@microsoft.com,Sarah Davidson,microsoft,microsoft,,recruiter,inferred_pattern,True,inferred:recruiter-emailing-script,https://github.com/K02D/recruiter-emailing-script,,2027,Summer 2027,pattern:{first}.{last}@microsoft.com,2026-06-24T12:50:51+00:00
shir.malek@microsoft.com,Shir Malek,microsoft,microsoft,,recruiter,inferred_pattern,True,inferred:recruiter-emailing-script,https://github.com/K02D/recruiter-emailing-script,,2027,Summer 2027,pattern:{first}.{last}@microsoft.com,2026-06-24T12:50:51+00:00
sonia.chawla@microsoft.com,Sonia Chawla,microsoft,microsoft,,recruiter,inferred_pattern,True,inferred:recruiter-emailing-script,https://github.com/K02D/recruiter-emailing-script,,2027,Summer 2027,pattern:{first}.{last}@microsoft.com,2026-06-24T12:50:51+00:00
sonia.sahgal@microsoft.com,Sonia Sahgal,microsoft,microsoft,,recruiter,inferred_pattern,True,inferred:recruiter-emailing-script,https://github.com/K02D/recruiter-emailing-script,,2027,Summer 2027,pattern:{first}.{last}@microsoft.com,2026-06-24T12:50:51+00:00
vikram.manney@microsoft.com,Vikram Manney,microsoft,microsoft,,recruiter,inferred_pattern,True,inferred:recruiter-emailing-script,https://github.com/K02D/recruiter-emailing-script,,2027,Summer 2027,pattern:{first}.{last}@microsoft.com,2026-06-24T12:50:51+00:00
alexandra@stripe.com,Alexandra Torre,stripe,stripe,,recruiter,inferred_pattern,True,inferred:recruiter-emailing-script,https://github.com/K02D/recruiter-emailing-script,,2027,Summer 2027,pattern:{first}@stripe.com,2026-06-24T12:50:51+00:00
alison@stripe.com,Alison Ahern,stripe,stripe,,recruiter,inferred_pattern,True,inferred:recruiter-emailing-script,https://github.com/K02D/recruiter-emailing-script,,2027,Summer 2027,pattern:{first}@stripe.com,2026-06-24T12:50:51+00:00
allison@stripe.com,Allison Tong,stripe,stripe,,recruiter,inferred_pattern,True,inferred:recruiter-emailing-script,https://github.com/K02D/recruiter-emailing-script,,2027,Summer 2027,pattern:{first}@stripe.com,2026-06-24T12:50:51+00:00
amtul@stripe.com,Amtul Raheem,stripe,stripe,,recruiter,inferred_pattern,True,inferred:recruiter-emailing-script,https://github.com/K02D/recruiter-emailing-script,,2027,Summer 2027,pattern:{first}@stripe.com,2026-06-24T12:50:51+00:00
amy@stripe.com,Amy Salazar,stripe,stripe,,recruiter,inferred_pattern,True,inferred:recruiter-emailing-script,https://github.com/K02D/recruiter-emailing-script,,2027,Summer 2027,pattern:{first}@stripe.com,2026-06-24T12:50:51+00:00
annabel@stripe.com,Annabel Bench,stripe,stripe,,recruiter,inferred_pattern,True,inferred:recruiter-emailing-script,https://github.com/K02D/recruiter-emailing-script,,2027,Summer 2027,pattern:{first}@stripe.com,2026-06-24T12:50:51+00:00
ashley@stripe.com,Ashley Booker,stripe,stripe,,recruiter,inferred_pattern,True,inferred:recruiter-emailing-script,https://github.com/K02D/recruiter-emailing-script,,2027,Summer 2027,pattern:{first}@stripe.com,2026-06-24T12:50:51+00:00
austin@stripe.com,Austin Lehn,stripe,stripe,,recruiter,inferred_pattern,True,inferred:recruiter-emailing-script,https://github.com/K02D/recruiter-emailing-script,,2027,Summer 2027,pattern:{first}@stripe.com,2026-06-24T12:50:51+00:00
brett@stripe.com,Brett Gillespey,stripe,stripe,,recruiter,inferred_pattern,True,inferred:recruiter-emailing-script,https://github.com/K02D/recruiter-emailing-script,,2027,Summer 2027,pattern:{first}@stripe.com,2026-06-24T12:50:51+00:00
brittany@stripe.com,Brittany Pham,stripe,stripe,,recruiter,inferred_pattern,True,inferred:recruiter-emailing-script,https://github.com/K02D/recruiter-emailing-script,,2027,Summer 2027,pattern:{first}@stripe.com,2026-06-24T12:50:51+00:00
cassandra@stripe.com,Cassandra Paez,stripe,stripe,,recruiter,inferred_pattern,True,inferred:recruiter-emailing-script,https://github.com/K02D/recruiter-emailing-script,,2027,Summer 2027,pattern:{first}@stripe.com,2026-06-24T12:50:51+00:00
connor@stripe.com,Connor Glennon,stripe,stripe,,recruiter,inferred_pattern,True,inferred:recruiter-emailing-script,https://github.com/K02D/recruiter-emailing-script,,2027,Summer 2027,pattern:{first}@stripe.com,2026-06-24T12:50:51+00:00
daniella@stripe.com,Daniella Santimano,stripe,stripe,,recruiter,inferred_pattern,True,inferred:recruiter-emailing-script,https://github.com/K02D/recruiter-emailing-script,,2027,Summer 2027,pattern:{first}@stripe.com,2026-06-24T12:50:51+00:00
elaine@stripe.com,Elaine Yining,stripe,stripe,,recruiter,inferred_pattern,True,inferred:recruiter-emailing-script,https://github.com/K02D/recruiter-emailing-script,,2027,Summer 2027,pattern:{first}@stripe.com,2026-06-24T12:50:51+00:00
elisa@stripe.com,Elisa Vatn,stripe,stripe,,recruiter,inferred_pattern,True,inferred:recruiter-emailing-script,https://github.com/K02D/recruiter-emailing-script,,2027,Summer 2027,pattern:{first}@stripe.com,2026-06-24T12:50:51+00:00
gabi@stripe.com,Gabi Clingan,stripe,stripe,,recruiter,inferred_pattern,True,inferred:recruiter-emailing-script,https://github.com/K02D/recruiter-emailing-script,,2027,Summer 2027,pattern:{first}@stripe.com,2026-06-24T12:50:51+00:00
hayoung@stripe.com,Hayoung Park,stripe,stripe,,recruiter,inferred_pattern,True,inferred:recruiter-emailing-script,https://github.com/K02D/recruiter-emailing-script,,2027,Summer 2027,pattern:{first}@stripe.com,2026-06-24T12:50:51+00:00
jasmine@stripe.com,Jasmine Salazar,stripe,stripe,,recruiter,inferred_pattern,True,inferred:recruiter-emailing-script,https://github.com/K02D/recruiter-emailing-script,,2027,Summer 2027,pattern:{first}@stripe.com,2026-06-24T12:50:51+00:00
jenette@stripe.com,Jenette Purugganan,stripe,stripe,,recruiter,inferred_pattern,True,inferred:recruiter-emailing-script,https://github.com/K02D/recruiter-emailing-script,,2027,Summer 2027,pattern:{first}@stripe.com,2026-06-24T12:50:51+00:00
jenn@stripe.com,Jenn Jones,stripe,stripe,,recruiter,inferred_pattern,True,inferred:recruiter-emailing-script,https://github.com/K02D/recruiter-emailing-script,,2027,Summer 2027,pattern:{first}@stripe.com,2026-06-24T12:50:51+00:00
john@stripe.com,John Buller,stripe,stripe,,recruiter,inferred_pattern,True,inferred:recruiter-emailing-script,https://github.com/K02D/recruiter-emailing-script,,2027,Summer 2027,pattern:{first}@stripe.com,2026-06-24T12:50:51+00:00
joshua@stripe.com,Joshua Winter,stripe,stripe,,recruiter,inferred_pattern,True,inferred:recruiter-emailing-script,https://github.com/K02D/recruiter-emailing-script,,2027,Summer 2027,pattern:{first}@stripe.com,2026-06-24T12:50:51+00:00
katie@stripe.com,Katie Scherer,stripe,stripe,,recruiter,inferred_pattern,True,inferred:recruiter-emailing-script,https://github.com/K02D/recruiter-emailing-script,,2027,Summer 2027,pattern:{first}@stripe.com,2026-06-24T12:50:51+00:00
kayleigh@stripe.com,Kayleigh Bottini,stripe,stripe,,recruiter,inferred_pattern,True,inferred:recruiter-emailing-script,https://github.com/K02D/recruiter-emailing-script,,2027,Summer 2027,pattern:{first}@stripe.com,2026-06-24T12:50:51+00:00
kelda@stripe.com,Kelda Murphy,stripe,stripe,,recruiter,inferred_pattern,True,inferred:recruiter-emailing-script,https://github.com/K02D/recruiter-emailing-script,,2027,Summer 2027,pattern:{first}@stripe.com,2026-06-24T12:50:51+00:00
kelly@stripe.com,Kelly Ha,stripe,stripe,,recruiter,inferred_pattern,True,inferred:recruiter-emailing-script,https://github.com/K02D/recruiter-emailing-script,,2027,Summer 2027,pattern:{first}@stripe.com,2026-06-24T12:50:51+00:00
lauren@stripe.com,Lauren Williams,stripe,stripe,,recruiter,inferred_pattern,True,inferred:recruiter-emailing-script,https://github.com/K02D/recruiter-emailing-script,,2027,Summer 2027,pattern:{first}@stripe.com,2026-06-24T12:50:51+00:00
marie@stripe.com,Marie Fuchslin,stripe,stripe,,recruiter,inferred_pattern,True,inferred:recruiter-emailing-script,https://github.com/K02D/recruiter-emailing-script,,2027,Summer 2027,pattern:{first}@stripe.com,2026-06-24T12:50:51+00:00
meredith@stripe.com,Meredith Alvin,stripe,stripe,,recruiter,inferred_pattern,True,inferred:recruiter-emailing-script,https://github.com/K02D/recruiter-emailing-script,,2027,Summer 2027,pattern:{first}@stripe.com,2026-06-24T12:50:51+00:00
patrick@stripe.com,Patrick Monk,stripe,stripe,,recruiter,inferred_pattern,True,inferred:recruiter-emailing-script,https://github.com/K02D/recruiter-emailing-script,,2027,Summer 2027,pattern:{first}@stripe.com,2026-06-24T12:50:51+00:00
paulette@stripe.com,Paulette Kang,stripe,stripe,,recruiter,inferred_pattern,True,inferred:recruiter-emailing-script,https://github.com/K02D/recruiter-emailing-script,,2027,Summer 2027,pattern:{first}@stripe.com,2026-06-24T12:50:51+00:00
reema@stripe.com,Reema Parikh,stripe,stripe,,recruiter,inferred_pattern,True,inferred:recruiter-emailing-script,https://github.com/K02D/recruiter-emailing-script,,2027,Summer 2027,pattern:{first}@stripe.com,2026-06-24T12:50:51+00:00
roshan@stripe.com,Roshan Shah,stripe,stripe,,recruiter,inferred_pattern,True,inferred:recruiter-emailing-script,https://github.com/K02D/recruiter-emailing-script,,2027,Summer 2027,pattern:{first}@stripe.com,2026-06-24T12:50:51+00:00
shannon@stripe.com,Shannon Boyle,stripe,stripe,,recruiter,inferred_pattern,True,inferred:recruiter-emailing-script,https://github.com/K02D/recruiter-emailing-script,,2027,Summer 2027,pattern:{first}@stripe.com,2026-06-24T12:50:51+00:00
sharon@stripe.com,Sharon Lin,stripe,stripe,,recruiter,inferred_pattern,True,inferred:recruiter-emailing-script,https://github.com/K02D/recruiter-emailing-script,,2027,Summer 2027,pattern:{first}@stripe.com,2026-06-24T12:50:51+00:00
victoria@stripe.com,Victoria Williams,stripe,stripe,,recruiter,inferred_pattern,True,inferred:recruiter-emailing-script,https://github.com/K02D/recruiter-emailing-script,,2027,Summer 2027,pattern:{first}@stripe.com,2026-06-24T12:50:51+00:00
whitney@stripe.com,Whitney Weil,stripe,stripe,,recruiter,inferred_pattern,True,inferred:recruiter-emailing-script,https://github.com/K02D/recruiter-emailing-script,,2027,Summer 2027,pattern:{first}@stripe.com,2026-06-24T12:50:51+00:00
adsihr@gafri.com,,,,,hr_inbox,public_listed,False,web:devblogger_hr_500,https://www.devblogger.in/blogs/hr-email-directory-top-500-indian-companies,,2027,Summer 2027,""">Rohit Kumar Yadav</span></a></div></div></div></header></div><div><article class=""prose max-w-none prose-sm sm:prose-base lg:prose-lg prose-headings:text-gray-800 prose-p:text-gray-600 prose-a:text-blue-600 prose-strong:text-black prose-c",2026-06-24T12:50:51+00:00
bangalore.hrd@inf.com,,,,,hr_inbox,public_listed,False,web:devblogger_hr_500,https://www.devblogger.in/blogs/hr-email-directory-top-500-indian-companies,,2027,Summer 2027,""">Rohit Kumar Yadav</span></a></div></div></div></header></div><div><article class=""prose max-w-none prose-sm sm:prose-base lg:prose-lg prose-headings:text-gray-800 prose-p:text-gray-600 prose-a:text-blue-600 prose-strong:text-black prose-c",2026-06-24T12:50:51+00:00
banking_hrd@infy.com,,,,,hr_inbox,public_listed,False,web:devblogger_hr_500,https://www.devblogger.in/blogs/hr-email-directory-top-500-indian-companies,,2027,Summer 2027,""">Rohit Kumar Yadav</span></a></div></div></div></header></div><div><article class=""prose max-w-none prose-sm sm:prose-base lg:prose-lg prose-headings:text-gray-800 prose-p:text-gray-600 prose-a:text-blue-600 prose-strong:text-black prose-c",2026-06-24T12:50:51+00:00
career@deccanetdesigns.com,,,,,hr_inbox,public_listed,False,web:devblogger_hr_500,https://www.devblogger.in/blogs/hr-email-directory-top-500-indian-companies,,2027,Summer 2027,""">Rohit Kumar Yadav</span></a></div></div></div></header></div><div><article class=""prose max-w-none prose-sm sm:prose-base lg:prose-lg prose-headings:text-gray-800 prose-p:text-gray-600 prose-a:text-blue-600 prose-strong:text-black prose-c",2026-06-24T12:50:51+00:00
career@hiso.honeywell.com,,,,,hr_inbox,public_listed,False,web:devblogger_hr_500,https://www.devblogger.in/blogs/hr-email-directory-top-500-indian-companies,,2027,Summer 2027,""">Rohit Kumar Yadav</span></a></div></div></div></header></div><div><article class=""prose max-w-none prose-sm sm:prose-base lg:prose-lg prose-headings:text-gray-800 prose-p:text-gray-600 prose-a:text-blue-600 prose-strong:text-black prose-c",2026-06-24T12:50:51+00:00
career@integramicro.com,,,,,hr_inbox,public_listed,False,web:devblogger_hr_500,https://www.devblogger.in/blogs/hr-email-directory-top-500-indian-companies,,2027,Summer 2027,""">Rohit Kumar Yadav</span></a></div></div></div></header></div><div><article class=""prose max-w-none prose-sm sm:prose-base lg:prose-lg prose-headings:text-gray-800 prose-p:text-gray-600 prose-a:text-blue-600 prose-strong:text-black prose-c",2026-06-24T12:50:51+00:00
career@nihilent.com,,,,,hr_inbox,public_listed,False,web:devblogger_hr_500,https://www.devblogger.in/blogs/hr-email-directory-top-500-indian-companies,,2027,Summer 2027,""">Rohit Kumar Yadav</span></a></div></div></div></header></div><div><article class=""prose max-w-none prose-sm sm:prose-base lg:prose-lg prose-headings:text-gray-800 prose-p:text-gray-600 prose-a:text-blue-600 prose-strong:text-black prose-c",2026-06-24T12:50:51+00:00
career@novell.com,,,,,hr_inbox,public_listed,False,web:devblogger_hr_500,https://www.devblogger.in/blogs/hr-email-directory-top-500-indian-companies,,2027,Summer 2027,""">Rohit Kumar Yadav</span></a></div></div></div></header></div><div><article class=""prose max-w-none prose-sm sm:prose-base lg:prose-lg prose-headings:text-gray-800 prose-p:text-gray-600 prose-a:text-blue-600 prose-strong:text-black prose-c",2026-06-24T12:50:51+00:00
career@sierraopt.com,,,,,hr_inbox,public_listed,False,web:devblogger_hr_500,https://www.devblogger.in/blogs/hr-email-directory-top-500-indian-companies,,2027,Summer 2027,""">Rohit Kumar Yadav</span></a></div></div></div></header></div><div><article class=""prose max-w-none prose-sm sm:prose-base lg:prose-lg prose-headings:text-gray-800 prose-p:text-gray-600 prose-a:text-blue-600 prose-strong:text-black prose-c",2026-06-24T12:50:51+00:00
career@sonata-software.com,,,,,hr_inbox,public_listed,False,web:devblogger_hr_500,https://www.devblogger.in/blogs/hr-email-directory-top-500-indian-companies,,2027,Summer 2027,""">Rohit Kumar Yadav</span></a></div></div></div></header></div><div><article class=""prose max-w-none prose-sm sm:prose-base lg:prose-lg prose-headings:text-gray-800 prose-p:text-gray-600 prose-a:text-blue-600 prose-strong:text-black prose-c",2026-06-24T12:50:51+00:00
careerb@msdc.hcltech.com,,,,,hr_inbox,public_listed,False,web:devblogger_hr_500,https://www.devblogger.in/blogs/hr-email-directory-top-500-indian-companies,,2027,Summer 2027,""">Rohit Kumar Yadav</span></a></div></div></div></header></div><div><article class=""prose max-w-none prose-sm sm:prose-base lg:prose-lg prose-headings:text-gray-800 prose-p:text-gray-600 prose-a:text-blue-600 prose-strong:text-black prose-c",2026-06-24T12:50:51+00:00
careerindia@123india.com,,,,,hr_inbox,public_listed,False,web:devblogger_hr_500,https://www.devblogger.in/blogs/hr-email-directory-top-500-indian-companies,,2027,Summer 2027,""">Rohit Kumar Yadav</span></a></div></div></div></header></div><div><article class=""prose max-w-none prose-sm sm:prose-base lg:prose-lg prose-headings:text-gray-800 prose-p:text-gray-600 prose-a:text-blue-600 prose-strong:text-black prose-c",2026-06-24T12:50:51+00:00
careerindia@satyamonline.com,,,,,hr_inbox,public_listed,False,web:devblogger_hr_500,https://www.devblogger.in/blogs/hr-email-directory-top-500-indian-companies,,2027,Summer 2027,""">Rohit Kumar Yadav</span></a></div></div></div></header></div><div><article class=""prose max-w-none prose-sm sm:prose-base lg:prose-lg prose-headings:text-gray-800 prose-p:text-gray-600 prose-a:text-blue-600 prose-strong:text-black prose-c",2026-06-24T12:50:51+00:00
careerindia@seraova.com,,,,,hr_inbox,public_listed,False,web:devblogger_hr_500,https://www.devblogger.in/blogs/hr-email-directory-top-500-indian-companies,,2027,Summer 2027,""">Rohit Kumar Yadav</span></a></div></div></div></header></div><div><article class=""prose max-w-none prose-sm sm:prose-base lg:prose-lg prose-headings:text-gray-800 prose-p:text-gray-600 prose-a:text-blue-600 prose-strong:text-black prose-c",2026-06-24T12:50:51+00:00
careers.is@inf.com,,,,,hr_inbox,public_listed,False,web:devblogger_hr_500,https://www.devblogger.in/blogs/hr-email-directory-top-500-indian-companies,,2027,Summer 2027,""">Rohit Kumar Yadav</span></a></div></div></div></header></div><div><article class=""prose max-w-none prose-sm sm:prose-base lg:prose-lg prose-headings:text-gray-800 prose-p:text-gray-600 prose-a:text-blue-600 prose-strong:text-black prose-c",2026-06-24T12:50:51+00:00
careers@bhartitelesoft.com,,,,,hr_inbox,public_listed,False,web:devblogger_hr_500,https://www.devblogger.in/blogs/hr-email-directory-top-500-indian-companies,,2027,Summer 2027,""">Rohit Kumar Yadav</span></a></div></div></div></header></div><div><article class=""prose max-w-none prose-sm sm:prose-base lg:prose-lg prose-headings:text-gray-800 prose-p:text-gray-600 prose-a:text-blue-600 prose-strong:text-black prose-c",2026-06-24T12:50:51+00:00
careers@carvelle.in,,,,,hr_inbox,public_listed,False,web:substack_atoz_50_hr,https://atozplacementkit.substack.com/p/hr-emails-of-50-companies,,2027,Summer 2027,Third Unicorn (Ashneer) - careers@carvelle.in,2026-06-24T12:50:51+00:00
careers@cmg.nu,,,,,hr_inbox,public_listed,False,web:devblogger_hr_500,https://www.devblogger.in/blogs/hr-email-directory-top-500-indian-companies,,2027,Summer 2027,""">Rohit Kumar Yadav</span></a></div></div></div></header></div><div><article class=""prose max-w-none prose-sm sm:prose-base lg:prose-lg prose-headings:text-gray-800 prose-p:text-gray-600 prose-a:text-blue-600 prose-strong:text-black prose-c",2026-06-24T12:50:51+00:00
careers@datumtec.com,,,,,hr_inbox,public_listed,False,web:devblogger_hr_500,https://www.devblogger.in/blogs/hr-email-directory-top-500-indian-companies,,2027,Summer 2027,""">Rohit Kumar Yadav</span></a></div></div></div></header></div><div><article class=""prose max-w-none prose-sm sm:prose-base lg:prose-lg prose-headings:text-gray-800 prose-p:text-gray-600 prose-a:text-blue-600 prose-strong:text-black prose-c",2026-06-24T12:50:51+00:00
careers@india.sun.com,,,,,hr_inbox,public_listed,False,web:devblogger_hr_500,https://www.devblogger.in/blogs/hr-email-directory-top-500-indian-companies,,2027,Summer 2027,""">Rohit Kumar Yadav</span></a></div></div></div></header></div><div><article class=""prose max-w-none prose-sm sm:prose-base lg:prose-lg prose-headings:text-gray-800 prose-p:text-gray-600 prose-a:text-blue-600 prose-strong:text-black prose-c",2026-06-24T12:50:51+00:00
careers@inf.com,,,,,hr_inbox,public_listed,False,web:devblogger_hr_500,https://www.devblogger.in/blogs/hr-email-directory-top-500-indian-companies,,2027,Summer 2027,""">Rohit Kumar Yadav</span></a></div></div></div></header></div><div><article class=""prose max-w-none prose-sm sm:prose-base lg:prose-lg prose-headings:text-gray-800 prose-p:text-gray-600 prose-a:text-blue-600 prose-strong:text-black prose-c",2026-06-24T12:50:51+00:00
careers@inficompsys.com,,,,,hr_inbox,public_listed,False,web:devblogger_hr_500,https://www.devblogger.in/blogs/hr-email-directory-top-500-indian-companies,,2027,Summer 2027,""">Rohit Kumar Yadav</span></a></div></div></div></header></div><div><article class=""prose max-w-none prose-sm sm:prose-base lg:prose-lg prose-headings:text-gray-800 prose-p:text-gray-600 prose-a:text-blue-600 prose-strong:text-black prose-c",2026-06-24T12:50:51+00:00
careers@malkauns.nsc.com,,,,,hr_inbox,public_listed,False,web:devblogger_hr_500,https://www.devblogger.in/blogs/hr-email-directory-top-500-indian-companies,,2027,Summer 2027,""">Rohit Kumar Yadav</span></a></div></div></div></header></div><div><article class=""prose max-w-none prose-sm sm:prose-base lg:prose-lg prose-headings:text-gray-800 prose-p:text-gray-600 prose-a:text-blue-600 prose-strong:text-black prose-c",2026-06-24T12:50:51+00:00
careers@noida.hclt.com,,,,,hr_inbox,public_listed,False,web:devblogger_hr_500,https://www.devblogger.in/blogs/hr-email-directory-top-500-indian-companies,,2027,Summer 2027,""">Rohit Kumar Yadav</span></a></div></div></div></header></div><div><article class=""prose max-w-none prose-sm sm:prose-base lg:prose-lg prose-headings:text-gray-800 prose-p:text-gray-600 prose-a:text-blue-600 prose-strong:text-black prose-c",2026-06-24T12:50:51+00:00
careers@quark.stpm.soft.net,,,,,hr_inbox,public_listed,False,web:devblogger_hr_500,https://www.devblogger.in/blogs/hr-email-directory-top-500-indian-companies,,2027,Summer 2027,""">Rohit Kumar Yadav</span></a></div></div></div></header></div><div><article class=""prose max-w-none prose-sm sm:prose-base lg:prose-lg prose-headings:text-gray-800 prose-p:text-gray-600 prose-a:text-blue-600 prose-strong:text-black prose-c",2026-06-24T12:50:51+00:00
careers@raffles.soft.net,,,,,hr_inbox,public_listed,False,web:devblogger_hr_500,https://www.devblogger.in/blogs/hr-email-directory-top-500-indian-companies,,2027,Summer 2027,""">Rohit Kumar Yadav</span></a></div></div></div></header></div><div><article class=""prose max-w-none prose-sm sm:prose-base lg:prose-lg prose-headings:text-gray-800 prose-p:text-gray-600 prose-a:text-blue-600 prose-strong:text-black prose-c",2026-06-24T12:50:51+00:00
careers@sasi.com,,,,,hr_inbox,public_listed,False,web:devblogger_hr_500,https://www.devblogger.in/blogs/hr-email-directory-top-500-indian-companies,,2027,Summer 2027,""">Rohit Kumar Yadav</span></a></div></div></div></header></div><div><article class=""prose max-w-none prose-sm sm:prose-base lg:prose-lg prose-headings:text-gray-800 prose-p:text-gray-600 prose-a:text-blue-600 prose-strong:text-black prose-c",2026-06-24T12:50:51+00:00
careers@snstech.com,,,,,hr_inbox,public_listed,False,web:devblogger_hr_500,https://www.devblogger.in/blogs/hr-email-directory-top-500-indian-companies,,2027,Summer 2027,""">Rohit Kumar Yadav</span></a></div></div></div></header></div><div><article class=""prose max-w-none prose-sm sm:prose-base lg:prose-lg prose-headings:text-gray-800 prose-p:text-gray-600 prose-a:text-blue-600 prose-strong:text-black prose-c",2026-06-24T12:50:51+00:00
careers@uniquecomputing.com,,,,,hr_inbox,public_listed,False,web:devblogger_hr_500,https://www.devblogger.in/blogs/hr-email-directory-top-500-indian-companies,,2027,Summer 2027,""">Rohit Kumar Yadav</span></a></div></div></div></header></div><div><article class=""prose max-w-none prose-sm sm:prose-base lg:prose-lg prose-headings:text-gray-800 prose-p:text-gray-600 prose-a:text-blue-600 prose-strong:text-black prose-c",2026-06-24T12:50:51+00:00
careers@usinteractive.com,,,,,hr_inbox,public_listed,False,web:devblogger_hr_500,https://www.devblogger.in/blogs/hr-email-directory-top-500-indian-companies,,2027,Summer 2027,""">Rohit Kumar Yadav</span></a></div></div></div></header></div><div><article class=""prose max-w-none prose-sm sm:prose-base lg:prose-lg prose-headings:text-gray-800 prose-p:text-gray-600 prose-a:text-blue-600 prose-strong:text-black prose-c",2026-06-24T12:50:51+00:00
careers@wipro.com,,,,,hr_inbox,public_listed,False,web:devblogger_hr_500,https://www.devblogger.in/blogs/hr-email-directory-top-500-indian-companies,,2027,Summer 2027,""">Rohit Kumar Yadav</span></a></div></div></div></header></div><div><article class=""prose max-w-none prose-sm sm:prose-base lg:prose-lg prose-headings:text-gray-800 prose-p:text-gray-600 prose-a:text-blue-600 prose-strong:text-black prose-c",2026-06-24T12:50:51+00:00
careers_2000@its.soft.net,,,,,hr_inbox,public_listed,False,web:devblogger_hr_500,https://www.devblogger.in/blogs/hr-email-directory-top-500-indian-companies,,2027,Summer 2027,""">Rohit Kumar Yadav</span></a></div></div></div></header></div><div><article class=""prose max-w-none prose-sm sm:prose-base lg:prose-lg prose-headings:text-gray-800 prose-p:text-gray-600 prose-a:text-blue-600 prose-strong:text-black prose-c",2026-06-24T12:50:51+00:00
di.recruit@digital.com,,,,,hr_inbox,public_listed,False,web:devblogger_hr_500,https://www.devblogger.in/blogs/hr-email-directory-top-500-indian-companies,,2027,Summer 2027,""">Rohit Kumar Yadav</span></a></div></div></div></header></div><div><article class=""prose max-w-none prose-sm sm:prose-base lg:prose-lg prose-headings:text-gray-800 prose-p:text-gray-600 prose-a:text-blue-600 prose-strong:text-black prose-c",2026-06-24T12:50:51+00:00
dreamcareers@zensar.com,,,,,hr_inbox,public_listed,False,web:devblogger_hr_500,https://www.devblogger.in/blogs/hr-email-directory-top-500-indian-companies,,2027,Summer 2027,""">Rohit Kumar Yadav</span></a></div></div></div></header></div><div><article class=""prose max-w-none prose-sm sm:prose-base lg:prose-lg prose-headings:text-gray-800 prose-p:text-gray-600 prose-a:text-blue-600 prose-strong:text-black prose-c",2026-06-24T12:50:51+00:00
ecomjobs@cybertech.com,,,,,hr_inbox,public_listed,False,web:devblogger_hr_500,https://www.devblogger.in/blogs/hr-email-directory-top-500-indian-companies,,2027,Summer 2027,""">Rohit Kumar Yadav</span></a></div></div></div></header></div><div><article class=""prose max-w-none prose-sm sm:prose-base lg:prose-lg prose-headings:text-gray-800 prose-p:text-gray-600 prose-a:text-blue-600 prose-strong:text-black prose-c",2026-06-24T12:50:51+00:00
forbeshr@bgl.vsnl.net.in,,,,,hr_inbox,public_listed,False,web:devblogger_hr_500,https://www.devblogger.in/blogs/hr-email-directory-top-500-indian-companies,,2027,Summer 2027,""">Rohit Kumar Yadav</span></a></div></div></div></header></div><div><article class=""prose max-w-none prose-sm sm:prose-base lg:prose-lg prose-headings:text-gray-800 prose-p:text-gray-600 prose-a:text-blue-600 prose-strong:text-black prose-c",2026-06-24T12:50:51+00:00
globaltalent@bet.satyam.com,,,,,hr_inbox,public_listed,False,web:devblogger_hr_500,https://www.devblogger.in/blogs/hr-email-directory-top-500-indian-companies,,2027,Summer 2027,""">Rohit Kumar Yadav</span></a></div></div></div></header></div><div><article class=""prose max-w-none prose-sm sm:prose-base lg:prose-lg prose-headings:text-gray-800 prose-p:text-gray-600 prose-a:text-blue-600 prose-strong:text-black prose-c",2026-06-24T12:50:51+00:00
hmsrecruit@sisl.co.in,,,,,hr_inbox,public_listed,False,web:devblogger_hr_500,https://www.devblogger.in/blogs/hr-email-directory-top-500-indian-companies,,2027,Summer 2027,""">Rohit Kumar Yadav</span></a></div></div></div></header></div><div><article class=""prose max-w-none prose-sm sm:prose-base lg:prose-lg prose-headings:text-gray-800 prose-p:text-gray-600 prose-a:text-blue-600 prose-strong:text-black prose-c",2026-06-24T12:50:51+00:00
hr@alit.soft.net,,,,,hr_inbox,public_listed,False,web:devblogger_hr_500,https://www.devblogger.in/blogs/hr-email-directory-top-500-indian-companies,,2027,Summer 2027,""">Rohit Kumar Yadav</span></a></div></div></div></header></div><div><article class=""prose max-w-none prose-sm sm:prose-base lg:prose-lg prose-headings:text-gray-800 prose-p:text-gray-600 prose-a:text-blue-600 prose-strong:text-black prose-c",2026-06-24T12:50:51+00:00
hr@boscalleo.com,,,,,hr_inbox,public_listed,False,web:devblogger_hr_500,https://www.devblogger.in/blogs/hr-email-directory-top-500-indian-companies,,2027,Summer 2027,""">Rohit Kumar Yadav</span></a></div></div></div></header></div><div><article class=""prose max-w-none prose-sm sm:prose-base lg:prose-lg prose-headings:text-gray-800 prose-p:text-gray-600 prose-a:text-blue-600 prose-strong:text-black prose-c",2026-06-24T12:50:51+00:00
hr@iictechnologies.com,,,,,hr_inbox,public_listed,False,web:devblogger_hr_500,https://www.devblogger.in/blogs/hr-email-directory-top-500-indian-companies,,2027,Summer 2027,""">Rohit Kumar Yadav</span></a></div></div></div></header></div><div><article class=""prose max-w-none prose-sm sm:prose-base lg:prose-lg prose-headings:text-gray-800 prose-p:text-gray-600 prose-a:text-blue-600 prose-strong:text-black prose-c",2026-06-24T12:50:51+00:00
hr@impetus.co.in,,,,,hr_inbox,public_listed,False,web:devblogger_hr_500,https://www.devblogger.in/blogs/hr-email-directory-top-500-indian-companies,,2027,Summer 2027,""">Rohit Kumar Yadav</span></a></div></div></div></header></div><div><article class=""prose max-w-none prose-sm sm:prose-base lg:prose-lg prose-headings:text-gray-800 prose-p:text-gray-600 prose-a:text-blue-600 prose-strong:text-black prose-c",2026-06-24T12:50:51+00:00
hr@is3c.com,,,,,hr_inbox,public_listed,False,web:devblogger_hr_500,https://www.devblogger.in/blogs/hr-email-directory-top-500-indian-companies,,2027,Summer 2027,""">Rohit Kumar Yadav</span></a></div></div></div></header></div><div><article class=""prose max-w-none prose-sm sm:prose-base lg:prose-lg prose-headings:text-gray-800 prose-p:text-gray-600 prose-a:text-blue-600 prose-strong:text-black prose-c",2026-06-24T12:50:51+00:00
hr@mphasis.com,,,,,hr_inbox,public_listed,False,web:devblogger_hr_500,https://www.devblogger.in/blogs/hr-email-directory-top-500-indian-companies,,2027,Summer 2027,""">Rohit Kumar Yadav</span></a></div></div></div></header></div><div><article class=""prose max-w-none prose-sm sm:prose-base lg:prose-lg prose-headings:text-gray-800 prose-p:text-gray-600 prose-a:text-blue-600 prose-strong:text-black prose-c",2026-06-24T12:50:51+00:00
hr@netgalactic.com,,,,,hr_inbox,public_listed,False,web:devblogger_hr_500,https://www.devblogger.in/blogs/hr-email-directory-top-500-indian-companies,,2027,Summer 2027,""">Rohit Kumar Yadav</span></a></div></div></div></header></div><div><article class=""prose max-w-none prose-sm sm:prose-base lg:prose-lg prose-headings:text-gray-800 prose-p:text-gray-600 prose-a:text-blue-600 prose-strong:text-black prose-c",2026-06-24T12:50:51+00:00
hr@objectorb.com,,,,,hr_inbox,public_listed,False,web:devblogger_hr_500,https://www.devblogger.in/blogs/hr-email-directory-top-500-indian-companies,,2027,Summer 2027,""">Rohit Kumar Yadav</span></a></div></div></div></header></div><div><article class=""prose max-w-none prose-sm sm:prose-base lg:prose-lg prose-headings:text-gray-800 prose-p:text-gray-600 prose-a:text-blue-600 prose-strong:text-black prose-c",2026-06-24T12:50:51+00:00
hr@siritech.com,,,,,hr_inbox,public_listed,False,web:devblogger_hr_500,https://www.devblogger.in/blogs/hr-email-directory-top-500-indian-companies,,2027,Summer 2027,""">Rohit Kumar Yadav</span></a></div></div></div></header></div><div><article class=""prose max-w-none prose-sm sm:prose-base lg:prose-lg prose-headings:text-gray-800 prose-p:text-gray-600 prose-a:text-blue-600 prose-strong:text-black prose-c",2026-06-24T12:50:51+00:00
hr@suntechnologies.com,,,,,hr_inbox,public_listed,False,web:devblogger_hr_500,https://www.devblogger.in/blogs/hr-email-directory-top-500-indian-companies,,2027,Summer 2027,""">Rohit Kumar Yadav</span></a></div></div></div></header></div><div><article class=""prose max-w-none prose-sm sm:prose-base lg:prose-lg prose-headings:text-gray-800 prose-p:text-gray-600 prose-a:text-blue-600 prose-strong:text-black prose-c",2026-06-24T12:50:51+00:00
hr@workflow.com,,,,,hr_inbox,public_listed,False,web:devblogger_hr_500,https://www.devblogger.in/blogs/hr-email-directory-top-500-indian-companies,,2027,Summer 2027,""">Rohit Kumar Yadav</span></a></div></div></div></header></div><div><article class=""prose max-w-none prose-sm sm:prose-base lg:prose-lg prose-headings:text-gray-800 prose-p:text-gray-600 prose-a:text-blue-600 prose-strong:text-black prose-c",2026-06-24T12:50:51+00:00
hr@zenithsoft.com,,,,,hr_inbox,public_listed,False,web:devblogger_hr_500,https://www.devblogger.in/blogs/hr-email-directory-top-500-indian-companies,,2027,Summer 2027,""">Rohit Kumar Yadav</span></a></div></div></div></header></div><div><article class=""prose max-w-none prose-sm sm:prose-base lg:prose-lg prose-headings:text-gray-800 prose-p:text-gray-600 prose-a:text-blue-600 prose-strong:text-black prose-c",2026-06-24T12:50:51+00:00
hr_bgl@selectica.com,,,,,hr_inbox,public_listed,False,web:devblogger_hr_500,https://www.devblogger.in/blogs/hr-email-directory-top-500-indian-companies,,2027,Summer 2027,""">Rohit Kumar Yadav</span></a></div></div></div></header></div><div><article class=""prose max-w-none prose-sm sm:prose-base lg:prose-lg prose-headings:text-gray-800 prose-p:text-gray-600 prose-a:text-blue-600 prose-strong:text-black prose-c",2026-06-24T12:50:51+00:00
hr_ecosmos@netkracker.com,,,,,hr_inbox,public_listed,False,web:devblogger_hr_500,https://www.devblogger.in/blogs/hr-email-directory-top-500-indian-companies,,2027,Summer 2027,""">Rohit Kumar Yadav</span></a></div></div></div></header></div><div><article class=""prose max-w-none prose-sm sm:prose-base lg:prose-lg prose-headings:text-gray-800 prose-p:text-gray-600 prose-a:text-blue-600 prose-strong:text-black prose-c",2026-06-24T12:50:51+00:00
hr_india@icode.com,,,,,hr_inbox,public_listed,False,web:devblogger_hr_500,https://www.devblogger.in/blogs/hr-email-directory-top-500-indian-companies,,2027,Summer 2027,""">Rohit Kumar Yadav</span></a></div></div></div></header></div><div><article class=""prose max-w-none prose-sm sm:prose-base lg:prose-lg prose-headings:text-gray-800 prose-p:text-gray-600 prose-a:text-blue-600 prose-strong:text-black prose-c",2026-06-24T12:50:51+00:00
hrd.zensoft@pacific.net.sg,,,,,hr_inbox,public_listed,False,web:devblogger_hr_500,https://www.devblogger.in/blogs/hr-email-directory-top-500-indian-companies,,2027,Summer 2027,""">Rohit Kumar Yadav</span></a></div></div></div></header></div><div><article class=""prose max-w-none prose-sm sm:prose-base lg:prose-lg prose-headings:text-gray-800 prose-p:text-gray-600 prose-a:text-blue-600 prose-strong:text-black prose-c",2026-06-24T12:50:51+00:00
hrd@amsoftis.com,,,,,hr_inbox,public_listed,False,web:devblogger_hr_500,https://www.devblogger.in/blogs/hr-email-directory-top-500-indian-companies,,2027,Summer 2027,""">Rohit Kumar Yadav</span></a></div></div></div></header></div><div><article class=""prose max-w-none prose-sm sm:prose-base lg:prose-lg prose-headings:text-gray-800 prose-p:text-gray-600 prose-a:text-blue-600 prose-strong:text-black prose-c",2026-06-24T12:50:51+00:00
hrd@aquila.soft.net,,,,,hr_inbox,public_listed,False,web:devblogger_hr_500,https://www.devblogger.in/blogs/hr-email-directory-top-500-indian-companies,,2027,Summer 2027,""">Rohit Kumar Yadav</span></a></div></div></div></header></div><div><article class=""prose max-w-none prose-sm sm:prose-base lg:prose-lg prose-headings:text-gray-800 prose-p:text-gray-600 prose-a:text-blue-600 prose-strong:text-black prose-c",2026-06-24T12:50:51+00:00
hrd@blr.cmc.net.in,,,,,hr_inbox,public_listed,False,web:devblogger_hr_500,https://www.devblogger.in/blogs/hr-email-directory-top-500-indian-companies,,2027,Summer 2027,""">Rohit Kumar Yadav</span></a></div></div></div></header></div><div><article class=""prose max-w-none prose-sm sm:prose-base lg:prose-lg prose-headings:text-gray-800 prose-p:text-gray-600 prose-a:text-blue-600 prose-strong:text-black prose-c",2026-06-24T12:50:51+00:00
hrd@cirrus.stpp.soft.net,,,,,hr_inbox,public_listed,False,web:devblogger_hr_500,https://www.devblogger.in/blogs/hr-email-directory-top-500-indian-companies,,2027,Summer 2027,""">Rohit Kumar Yadav</span></a></div></div></div></header></div><div><article class=""prose max-w-none prose-sm sm:prose-base lg:prose-lg prose-headings:text-gray-800 prose-p:text-gray-600 prose-a:text-blue-600 prose-strong:text-black prose-c",2026-06-24T12:50:51+00:00
hrd@comneti.com,,,,,hr_inbox,public_listed,False,web:devblogger_hr_500,https://www.devblogger.in/blogs/hr-email-directory-top-500-indian-companies,,2027,Summer 2027,""">Rohit Kumar Yadav</span></a></div></div></div></header></div><div><article class=""prose max-w-none prose-sm sm:prose-base lg:prose-lg prose-headings:text-gray-800 prose-p:text-gray-600 prose-a:text-blue-600 prose-strong:text-black prose-c",2026-06-24T12:50:51+00:00
hrd@cosmonetsolutions.com,,,,,hr_inbox,public_listed,False,web:devblogger_hr_500,https://www.devblogger.in/blogs/hr-email-directory-top-500-indian-companies,,2027,Summer 2027,""">Rohit Kumar Yadav</span></a></div></div></div></header></div><div><article class=""prose max-w-none prose-sm sm:prose-base lg:prose-lg prose-headings:text-gray-800 prose-p:text-gray-600 prose-a:text-blue-600 prose-strong:text-black prose-c",2026-06-24T12:50:51+00:00
hrd@icope.com,,,,,hr_inbox,public_listed,False,web:devblogger_hr_500,https://www.devblogger.in/blogs/hr-email-directory-top-500-indian-companies,,2027,Summer 2027,""">Rohit Kumar Yadav</span></a></div></div></div></header></div><div><article class=""prose max-w-none prose-sm sm:prose-base lg:prose-lg prose-headings:text-gray-800 prose-p:text-gray-600 prose-a:text-blue-600 prose-strong:text-black prose-c",2026-06-24T12:50:51+00:00
hrd@indts.com,,,,,hr_inbox,public_listed,False,web:devblogger_hr_500,https://www.devblogger.in/blogs/hr-email-directory-top-500-indian-companies,,2027,Summer 2027,""">Rohit Kumar Yadav</span></a></div></div></div></header></div><div><article class=""prose max-w-none prose-sm sm:prose-base lg:prose-lg prose-headings:text-gray-800 prose-p:text-gray-600 prose-a:text-blue-600 prose-strong:text-black prose-c",2026-06-24T12:50:51+00:00
hrd@sema.co.in,,,,,hr_inbox,public_listed,False,web:devblogger_hr_500,https://www.devblogger.in/blogs/hr-email-directory-top-500-indian-companies,,2027,Summer 2027,""">Rohit Kumar Yadav</span></a></div></div></div></header></div><div><article class=""prose max-w-none prose-sm sm:prose-base lg:prose-lg prose-headings:text-gray-800 prose-p:text-gray-600 prose-a:text-blue-600 prose-strong:text-black prose-c",2026-06-24T12:50:51+00:00
hrd@siptech.co.in,,,,,hr_inbox,public_listed,False,web:devblogger_hr_500,https://www.devblogger.in/blogs/hr-email-directory-top-500-indian-companies,,2027,Summer 2027,""">Rohit Kumar Yadav</span></a></div></div></div></header></div><div><article class=""prose max-w-none prose-sm sm:prose-base lg:prose-lg prose-headings:text-gray-800 prose-p:text-gray-600 prose-a:text-blue-600 prose-strong:text-black prose-c",2026-06-24T12:50:51+00:00
hrd@sonata-software.com,,,,,hr_inbox,public_listed,False,web:devblogger_hr_500,https://www.devblogger.in/blogs/hr-email-directory-top-500-indian-companies,,2027,Summer 2027,""">Rohit Kumar Yadav</span></a></div></div></div></header></div><div><article class=""prose max-w-none prose-sm sm:prose-base lg:prose-lg prose-headings:text-gray-800 prose-p:text-gray-600 prose-a:text-blue-600 prose-strong:text-black prose-c",2026-06-24T12:50:51+00:00
hrd@suncoresoft.com,,,,,hr_inbox,public_listed,False,web:devblogger_hr_500,https://www.devblogger.in/blogs/hr-email-directory-top-500-indian-companies,,2027,Summer 2027,""">Rohit Kumar Yadav</span></a></div></div></div></header></div><div><article class=""prose max-w-none prose-sm sm:prose-base lg:prose-lg prose-headings:text-gray-800 prose-p:text-gray-600 prose-a:text-blue-600 prose-strong:text-black prose-c",2026-06-24T12:50:51+00:00
hrdbg@skillsandjobs.com,,,,,hr_inbox,public_listed,False,web:devblogger_hr_500,https://www.devblogger.in/blogs/hr-email-directory-top-500-indian-companies,,2027,Summer 2027,""">Rohit Kumar Yadav</span></a></div></div></div></header></div><div><article class=""prose max-w-none prose-sm sm:prose-base lg:prose-lg prose-headings:text-gray-800 prose-p:text-gray-600 prose-a:text-blue-600 prose-strong:text-black prose-c",2026-06-24T12:50:51+00:00
hrdindia@india.infogain.com,,,,,hr_inbox,public_listed,False,web:devblogger_hr_500,https://www.devblogger.in/blogs/hr-email-directory-top-500-indian-companies,,2027,Summer 2027,""">Rohit Kumar Yadav</span></a></div></div></div></header></div><div><article class=""prose max-w-none prose-sm sm:prose-base lg:prose-lg prose-headings:text-gray-800 prose-p:text-gray-600 prose-a:text-blue-600 prose-strong:text-black prose-c",2026-06-24T12:50:51+00:00
hrindia@alopa.com,,,,,hr_inbox,public_listed,False,web:devblogger_hr_500,https://www.devblogger.in/blogs/hr-email-directory-top-500-indian-companies,,2027,Summer 2027,""">Rohit Kumar Yadav</span></a></div></div></div></header></div><div><article class=""prose max-w-none prose-sm sm:prose-base lg:prose-lg prose-headings:text-gray-800 prose-p:text-gray-600 prose-a:text-blue-600 prose-strong:text-black prose-c",2026-06-24T12:50:51+00:00
hrindia@empowertel.com,,,,,hr_inbox,public_listed,False,web:devblogger_hr_500,https://www.devblogger.in/blogs/hr-email-directory-top-500-indian-companies,,2027,Summer 2027,""">Rohit Kumar Yadav</span></a></div></div></div></header></div><div><article class=""prose max-w-none prose-sm sm:prose-base lg:prose-lg prose-headings:text-gray-800 prose-p:text-gray-600 prose-a:text-blue-600 prose-strong:text-black prose-c",2026-06-24T12:50:51+00:00
hrindia@lucent.com,,,,,hr_inbox,public_listed,False,web:devblogger_hr_500,https://www.devblogger.in/blogs/hr-email-directory-top-500-indian-companies,,2027,Summer 2027,""">Rohit Kumar Yadav</span></a></div></div></div></header></div><div><article class=""prose max-w-none prose-sm sm:prose-base lg:prose-lg prose-headings:text-gray-800 prose-p:text-gray-600 prose-a:text-blue-600 prose-strong:text-black prose-c",2026-06-24T12:50:51+00:00
hrssg@teil.soft.net,,,,,hr_inbox,public_listed,False,web:devblogger_hr_500,https://www.devblogger.in/blogs/hr-email-directory-top-500-indian-companies,,2027,Summer 2027,""">Rohit Kumar Yadav</span></a></div></div></div></header></div><div><article class=""prose max-w-none prose-sm sm:prose-base lg:prose-lg prose-headings:text-gray-800 prose-p:text-gray-600 prose-a:text-blue-600 prose-strong:text-black prose-c",2026-06-24T12:50:51+00:00
hrtelecom@cisindia.com,,,,,hr_inbox,public_listed,False,web:devblogger_hr_500,https://www.devblogger.in/blogs/hr-email-directory-top-500-indian-companies,,2027,Summer 2027,""">Rohit Kumar Yadav</span></a></div></div></div></header></div><div><article class=""prose max-w-none prose-sm sm:prose-base lg:prose-lg prose-headings:text-gray-800 prose-p:text-gray-600 prose-a:text-blue-600 prose-strong:text-black prose-c",2026-06-24T12:50:51+00:00
hrtoi@india.ptc.com,,,,,hr_inbox,public_listed,False,web:devblogger_hr_500,https://www.devblogger.in/blogs/hr-email-directory-top-500-indian-companies,,2027,Summer 2027,""">Rohit Kumar Yadav</span></a></div></div></div></header></div><div><article class=""prose max-w-none prose-sm sm:prose-base lg:prose-lg prose-headings:text-gray-800 prose-p:text-gray-600 prose-a:text-blue-600 prose-strong:text-black prose-c",2026-06-24T12:50:51+00:00
hsshr@hss.hns.com,,,,,hr_inbox,public_listed,False,web:devblogger_hr_500,https://www.devblogger.in/blogs/hr-email-directory-top-500-indian-companies,,2027,Summer 2027,""">Rohit Kumar Yadav</span></a></div></div></div></header></div><div><article class=""prose max-w-none prose-sm sm:prose-base lg:prose-lg prose-headings:text-gray-800 prose-p:text-gray-600 prose-a:text-blue-600 prose-strong:text-black prose-c",2026-06-24T12:50:51+00:00
india_jobs@ambernetworks.com,,,,,hr_inbox,public_listed,False,web:devblogger_hr_500,https://www.devblogger.in/blogs/hr-email-directory-top-500-indian-companies,,2027,Summer 2027,""">Rohit Kumar Yadav</span></a></div></div></div></header></div><div><article class=""prose max-w-none prose-sm sm:prose-base lg:prose-lg prose-headings:text-gray-800 prose-p:text-gray-600 prose-a:text-blue-600 prose-strong:text-black prose-c",2026-06-24T12:50:51+00:00
india_jobs@cisco.com,,,,,hr_inbox,public_listed,False,web:devblogger_hr_500,https://www.devblogger.in/blogs/hr-email-directory-top-500-indian-companies,,2027,Summer 2027,""">Rohit Kumar Yadav</span></a></div></div></div></header></div><div><article class=""prose max-w-none prose-sm sm:prose-base lg:prose-lg prose-headings:text-gray-800 prose-p:text-gray-600 prose-a:text-blue-600 prose-strong:text-black prose-c",2026-06-24T12:50:51+00:00
irecruit@apcc.com,,,,,hr_inbox,public_listed,False,web:devblogger_hr_500,https://www.devblogger.in/blogs/hr-email-directory-top-500-indian-companies,,2027,Summer 2027,""">Rohit Kumar Yadav</span></a></div></div></div></header></div><div><article class=""prose max-w-none prose-sm sm:prose-base lg:prose-lg prose-headings:text-gray-800 prose-p:text-gray-600 prose-a:text-blue-600 prose-strong:text-black prose-c",2026-06-24T12:50:51+00:00
jobs@aztecsoft.com,,,,,hr_inbox,public_listed,False,web:devblogger_hr_500,https://www.devblogger.in/blogs/hr-email-directory-top-500-indian-companies,,2027,Summer 2027,""">Rohit Kumar Yadav</span></a></div></div></div></header></div><div><article class=""prose max-w-none prose-sm sm:prose-base lg:prose-lg prose-headings:text-gray-800 prose-p:text-gray-600 prose-a:text-blue-600 prose-strong:text-black prose-c",2026-06-24T12:50:51+00:00
jobs@bangaloresoftware.com,,,,,hr_inbox,public_listed,False,web:devblogger_hr_500,https://www.devblogger.in/blogs/hr-email-directory-top-500-indian-companies,,2027,Summer 2027,""">Rohit Kumar Yadav</span></a></div></div></div></header></div><div><article class=""prose max-w-none prose-sm sm:prose-base lg:prose-lg prose-headings:text-gray-800 prose-p:text-gray-600 prose-a:text-blue-600 prose-strong:text-black prose-c",2026-06-24T12:50:51+00:00
jobs@bplinnovision.com,,,,,hr_inbox,public_listed,False,web:devblogger_hr_500,https://www.devblogger.in/blogs/hr-email-directory-top-500-indian-companies,,2027,Summer 2027,""">Rohit Kumar Yadav</span></a></div></div></div></header></div><div><article class=""prose max-w-none prose-sm sm:prose-base lg:prose-lg prose-headings:text-gray-800 prose-p:text-gray-600 prose-a:text-blue-600 prose-strong:text-black prose-c",2026-06-24T12:50:51+00:00
jobs@cerebracomputers.com,,,,,hr_inbox,public_listed,False,web:devblogger_hr_500,https://www.devblogger.in/blogs/hr-email-directory-top-500-indian-companies,,2027,Summer 2027,""">Rohit Kumar Yadav</span></a></div></div></div></header></div><div><article class=""prose max-w-none prose-sm sm:prose-base lg:prose-lg prose-headings:text-gray-800 prose-p:text-gray-600 prose-a:text-blue-600 prose-strong:text-black prose-c",2026-06-24T12:50:51+00:00
jobs@csshome.net,,,,,hr_inbox,public_listed,False,web:devblogger_hr_500,https://www.devblogger.in/blogs/hr-email-directory-top-500-indian-companies,,2027,Summer 2027,""">Rohit Kumar Yadav</span></a></div></div></div></header></div><div><article class=""prose max-w-none prose-sm sm:prose-base lg:prose-lg prose-headings:text-gray-800 prose-p:text-gray-600 prose-a:text-blue-600 prose-strong:text-black prose-c",2026-06-24T12:50:51+00:00
jobs@embeddedwireless.com,,,,,hr_inbox,public_listed,False,web:devblogger_hr_500,https://www.devblogger.in/blogs/hr-email-directory-top-500-indian-companies,,2027,Summer 2027,""">Rohit Kumar Yadav</span></a></div></div></div></header></div><div><article class=""prose max-w-none prose-sm sm:prose-base lg:prose-lg prose-headings:text-gray-800 prose-p:text-gray-600 prose-a:text-blue-600 prose-strong:text-black prose-c",2026-06-24T12:50:51+00:00
jobs@greenmicrosystems.com,,,,,hr_inbox,public_listed,False,web:devblogger_hr_500,https://www.devblogger.in/blogs/hr-email-directory-top-500-indian-companies,,2027,Summer 2027,""">Rohit Kumar Yadav</span></a></div></div></div></header></div><div><article class=""prose max-w-none prose-sm sm:prose-base lg:prose-lg prose-headings:text-gray-800 prose-p:text-gray-600 prose-a:text-blue-600 prose-strong:text-black prose-c",2026-06-24T12:50:51+00:00
jobs@healtheonindia.com,,,,,hr_inbox,public_listed,False,web:devblogger_hr_500,https://www.devblogger.in/blogs/hr-email-directory-top-500-indian-companies,,2027,Summer 2027,""">Rohit Kumar Yadav</span></a></div></div></div></header></div><div><article class=""prose max-w-none prose-sm sm:prose-base lg:prose-lg prose-headings:text-gray-800 prose-p:text-gray-600 prose-a:text-blue-600 prose-strong:text-black prose-c",2026-06-24T12:50:51+00:00
jobs@india.aspectdv.com,,,,,hr_inbox,public_listed,False,web:devblogger_hr_500,https://www.devblogger.in/blogs/hr-email-directory-top-500-indian-companies,,2027,Summer 2027,""">Rohit Kumar Yadav</span></a></div></div></div></header></div><div><article class=""prose max-w-none prose-sm sm:prose-base lg:prose-lg prose-headings:text-gray-800 prose-p:text-gray-600 prose-a:text-blue-600 prose-strong:text-black prose-c",2026-06-24T12:50:51+00:00
jobs@ishoni.com,,,,,hr_inbox,public_listed,False,web:devblogger_hr_500,https://www.devblogger.in/blogs/hr-email-directory-top-500-indian-companies,,2027,Summer 2027,""">Rohit Kumar Yadav</span></a></div></div></div></header></div><div><article class=""prose max-w-none prose-sm sm:prose-base lg:prose-lg prose-headings:text-gray-800 prose-p:text-gray-600 prose-a:text-blue-600 prose-strong:text-black prose-c",2026-06-24T12:50:51+00:00
jobs@nexageconsulting.com,,,,,hr_inbox,public_listed,False,web:devblogger_hr_500,https://www.devblogger.in/blogs/hr-email-directory-top-500-indian-companies,,2027,Summer 2027,""">Rohit Kumar Yadav</span></a></div></div></div></header></div><div><article class=""prose max-w-none prose-sm sm:prose-base lg:prose-lg prose-headings:text-gray-800 prose-p:text-gray-600 prose-a:text-blue-600 prose-strong:text-black prose-c",2026-06-24T12:50:51+00:00
jobs@onscan.com,,,,,hr_inbox,public_listed,False,web:devblogger_hr_500,https://www.devblogger.in/blogs/hr-email-directory-top-500-indian-companies,,2027,Summer 2027,""">Rohit Kumar Yadav</span></a></div></div></div></header></div><div><article class=""prose max-w-none prose-sm sm:prose-base lg:prose-lg prose-headings:text-gray-800 prose-p:text-gray-600 prose-a:text-blue-600 prose-strong:text-black prose-c",2026-06-24T12:50:51+00:00
jobs@reliance.com,,,,,hr_inbox,public_listed,False,web:devblogger_hr_500,https://www.devblogger.in/blogs/hr-email-directory-top-500-indian-companies,,2027,Summer 2027,""">Rohit Kumar Yadav</span></a></div></div></div></header></div><div><article class=""prose max-w-none prose-sm sm:prose-base lg:prose-lg prose-headings:text-gray-800 prose-p:text-gray-600 prose-a:text-blue-600 prose-strong:text-black prose-c",2026-06-24T12:50:51+00:00
jobs@tenetindia.com,,,,,hr_inbox,public_listed,False,web:devblogger_hr_500,https://www.devblogger.in/blogs/hr-email-directory-top-500-indian-companies,,2027,Summer 2027,""">Rohit Kumar Yadav</span></a></div></div></div></header></div><div><article class=""prose max-w-none prose-sm sm:prose-base lg:prose-lg prose-headings:text-gray-800 prose-p:text-gray-600 prose-a:text-blue-600 prose-strong:text-black prose-c",2026-06-24T12:50:51+00:00
jobs@thinkbn.com,,,,,hr_inbox,public_listed,False,web:devblogger_hr_500,https://www.devblogger.in/blogs/hr-email-directory-top-500-indian-companies,,2027,Summer 2027,""">Rohit Kumar Yadav</span></a></div></div></div></header></div><div><article class=""prose max-w-none prose-sm sm:prose-base lg:prose-lg prose-headings:text-gray-800 prose-p:text-gray-600 prose-a:text-blue-600 prose-strong:text-black prose-c",2026-06-24T12:50:51+00:00
jobs@webxl.com,,,,,hr_inbox,public_listed,False,web:devblogger_hr_500,https://www.devblogger.in/blogs/hr-email-directory-top-500-indian-companies,,2027,Summer 2027,""">Rohit Kumar Yadav</span></a></div></div></div></header></div><div><article class=""prose max-w-none prose-sm sm:prose-base lg:prose-lg prose-headings:text-gray-800 prose-p:text-gray-600 prose-a:text-blue-600 prose-strong:text-black prose-c",2026-06-24T12:50:51+00:00
loginjobs@vsnl.com,,,,,hr_inbox,public_listed,False,web:devblogger_hr_500,https://www.devblogger.in/blogs/hr-email-directory-top-500-indian-companies,,2027,Summer 2027,""">Rohit Kumar Yadav</span></a></div></div></div></header></div><div><article class=""prose max-w-none prose-sm sm:prose-base lg:prose-lg prose-headings:text-gray-800 prose-p:text-gray-600 prose-a:text-blue-600 prose-strong:text-black prose-c",2026-06-24T12:50:51+00:00
myjobs@amadee.de,,,,,hr_inbox,public_listed,False,web:devblogger_hr_500,https://www.devblogger.in/blogs/hr-email-directory-top-500-indian-companies,,2027,Summer 2027,""">Rohit Kumar Yadav</span></a></div></div></div></header></div><div><article class=""prose max-w-none prose-sm sm:prose-base lg:prose-lg prose-headings:text-gray-800 prose-p:text-gray-600 prose-a:text-blue-600 prose-strong:text-black prose-c",2026-06-24T12:50:51+00:00
nadhr@nortelnetworks.com,,,,,hr_inbox,public_listed,False,web:devblogger_hr_500,https://www.devblogger.in/blogs/hr-email-directory-top-500-indian-companies,,2027,Summer 2027,""">Rohit Kumar Yadav</span></a></div></div></div></header></div><div><article class=""prose max-w-none prose-sm sm:prose-base lg:prose-lg prose-headings:text-gray-800 prose-p:text-gray-600 prose-a:text-blue-600 prose-strong:text-black prose-c",2026-06-24T12:50:51+00:00
npwhrindia@intel.com,,,,,hr_inbox,public_listed,False,web:devblogger_hr_500,https://www.devblogger.in/blogs/hr-email-directory-top-500-indian-companies,,2027,Summer 2027,""">Rohit Kumar Yadav</span></a></div></div></div></header></div><div><article class=""prose max-w-none prose-sm sm:prose-base lg:prose-lg prose-headings:text-gray-800 prose-p:text-gray-600 prose-a:text-blue-600 prose-strong:text-black prose-c",2026-06-24T12:50:51+00:00
pscareers2000@philips.com,,,,,hr_inbox,public_listed,False,web:devblogger_hr_500,https://www.devblogger.in/blogs/hr-email-directory-top-500-indian-companies,,2027,Summer 2027,""">Rohit Kumar Yadav</span></a></div></div></div></header></div><div><article class=""prose max-w-none prose-sm sm:prose-base lg:prose-lg prose-headings:text-gray-800 prose-p:text-gray-600 prose-a:text-blue-600 prose-strong:text-black prose-c",2026-06-24T12:50:51+00:00
recruit-india@deshaw.com,,,,,hr_inbox,public_listed,False,web:devblogger_hr_500,https://www.devblogger.in/blogs/hr-email-directory-top-500-indian-companies,,2027,Summer 2027,""">Rohit Kumar Yadav</span></a></div></div></div></header></div><div><article class=""prose max-w-none prose-sm sm:prose-base lg:prose-lg prose-headings:text-gray-800 prose-p:text-gray-600 prose-a:text-blue-600 prose-strong:text-black prose-c",2026-06-24T12:50:51+00:00
recruit_ecom@md.in.dsqsoft.com,,,,,hr_inbox,public_listed,False,web:devblogger_hr_500,https://www.devblogger.in/blogs/hr-email-directory-top-500-indian-companies,,2027,Summer 2027,""">Rohit Kumar Yadav</span></a></div></div></div></header></div><div><article class=""prose max-w-none prose-sm sm:prose-base lg:prose-lg prose-headings:text-gray-800 prose-p:text-gray-600 prose-a:text-blue-600 prose-strong:text-black prose-c",2026-06-24T12:50:51+00:00
recruiting@cbsinc.com,,,,,hr_inbox,public_listed,False,web:devblogger_hr_500,https://www.devblogger.in/blogs/hr-email-directory-top-500-indian-companies,,2027,Summer 2027,""">Rohit Kumar Yadav</span></a></div></div></div></header></div><div><article class=""prose max-w-none prose-sm sm:prose-base lg:prose-lg prose-headings:text-gray-800 prose-p:text-gray-600 prose-a:text-blue-600 prose-strong:text-black prose-c",2026-06-24T12:50:51+00:00
recruitment@birlasoftware.com,,,,,hr_inbox,public_listed,False,web:devblogger_hr_500,https://www.devblogger.in/blogs/hr-email-directory-top-500-indian-companies,,2027,Summer 2027,""">Rohit Kumar Yadav</span></a></div></div></div></header></div><div><article class=""prose max-w-none prose-sm sm:prose-base lg:prose-lg prose-headings:text-gray-800 prose-p:text-gray-600 prose-a:text-blue-600 prose-strong:text-black prose-c",2026-06-24T12:50:51+00:00
recruitment@blore.tcs.co.in,,,,,hr_inbox,public_listed,False,web:devblogger_hr_500,https://www.devblogger.in/blogs/hr-email-directory-top-500-indian-companies,,2027,Summer 2027,""">Rohit Kumar Yadav</span></a></div></div></div></header></div><div><article class=""prose max-w-none prose-sm sm:prose-base lg:prose-lg prose-headings:text-gray-800 prose-p:text-gray-600 prose-a:text-blue-600 prose-strong:text-black prose-c",2026-06-24T12:50:51+00:00
webtek_jobs@dresdner-bank.com,,,,,hr_inbox,public_listed,False,web:devblogger_hr_500,https://www.devblogger.in/blogs/hr-email-directory-top-500-indian-companies,,2027,Summer 2027,""">Rohit Kumar Yadav</span></a></div></div></div></header></div><div><article class=""prose max-w-none prose-sm sm:prose-base lg:prose-lg prose-headings:text-gray-800 prose-p:text-gray-600 prose-a:text-blue-600 prose-strong:text-black prose-c",2026-06-24T12:50:51+00:00
us-askhr@abb.com,,ABB,abb,For Employment,hr_inbox,public_listed,False,github:careerLauncher,https://careers.abb/us/en/equal-employment-opportunity-and-affirmative-action,Global,2027,Summer 2027,markdown_table,2026-06-24T12:50:51+00:00
hiring@adbrew.io,,Adbrew,adbrew,,hr_inbox,public_listed,False,web:substack_atoz_50_hr,https://atozplacementkit.substack.com/p/hr-emails-of-50-companies,,2027,Summer 2027,"Adbrew - hiring@adbrew.io, hello@adbrew.io",2026-06-24T12:50:51+00:00
recruiting@arcticwolf.com,,Arcticwolf,arcticwolf,For Employment,hr_inbox,public_listed,False,github:careerLauncher,https://arcticwolf.wd1.myworkdayjobs.com/External,Global,2027,Summer 2027,markdown_table,2026-06-24T12:50:51+00:00
talent@arxanima.com,,Arxanima,arxanima,For Employment,hr_inbox,public_listed,False,github:careerLauncher,https://arxanima.com/career,Europe,2027,Summer 2027,markdown_table,2026-06-24T12:50:51+00:00
hiring@astrotalk.com,,Astrotalk,astrotalk,,hr_inbox,public_listed,False,web:substack_atoz_50_hr,https://atozplacementkit.substack.com/p/hr-emails-of-50-companies,,2027,Summer 2027,"Astrotalk - debasmita.roy@astrotalk.com, hiring@astrotalk.com",2026-06-24T12:50:51+00:00
careers@aurora-innovations.com,,Aurora Innovations,aurorainnovations,For Employment,hr_inbox,public_listed,False,github:careerLauncher,https://aurora-innovations.com/careers/,Global,2027,Summer 2027,markdown_table,2026-06-24T12:50:51+00:00
careers@bankbazaar.com,,Bank Bazar,bankbazar,,hr_inbox,public_listed,False,web:substack_atoz_50_hr,https://atozplacementkit.substack.com/p/hr-emails-of-50-companies,,2027,Summer 2027,Bank Bazar - careers@bankbazaar.com,2026-06-24T12:50:51+00:00
careers@bishopfox.com,,Bishopfox,bishopfox,For Employment,hr_inbox,public_listed,False,github:careerLauncher,https://bishopfox.com/careers,Global,2027,Summer 2027,markdown_table,2026-06-24T12:50:51+00:00
swapnil.mishra@cars24.com,,Cars24,cars24,,hr_inbox,public_listed,True,web:substack_atoz_50_hr,https://atozplacementkit.substack.com/p/hr-emails-of-50-companies,,2027,Summer 2027,"Cars24 - swapnil.mishra@cars24.com, Mahima.jain@cars24.com, gursharan.kaur@cars24.com",2026-06-24T12:50:51+00:00
people@psytech.ai,,Carvelle,carvelle,,hr_inbox,public_listed,False,web:substack_atoz_50_hr,https://atozplacementkit.substack.com/p/hr-emails-of-50-companies,,2027,Summer 2027,Carvelle - people@psytech.ai,2026-06-24T12:50:51+00:00
hr@controlf5.in,,Control F5,controlf5,,hr_inbox,public_listed,False,web:substack_atoz_50_hr,https://atozplacementkit.substack.com/p/hr-emails-of-50-companies,,2027,Summer 2027,Control F5 - hr@controlf5.in,2026-06-24T12:50:51+00:00
talentacquisition@dexcom.com,,Dexcom,dexcom,For Employment,hr_inbox,public_listed,False,github:careerLauncher,https://www.indeed.com/q-dexcom-jobs.html?vjk=4c122bffa82bba34,Global,2027,Summer 2027,markdown_table,2026-06-24T12:50:51+00:00
careers@weareenvoy.com,,Envoy,envoy,For Employment,hr_inbox,public_listed,False,github:careerLauncher,https://www.weareenvoy.com/careers/,Global,2027,Summer 2027,markdown_table,2026-06-24T12:50:51+00:00
careers@fixerra.in,,Fixerra,fixerra,,hr_inbox,public_listed,False,web:substack_atoz_50_hr,https://atozplacementkit.substack.com/p/hr-emails-of-50-companies,,2027,Summer 2027,Fixerra - careers@fixerra.in,2026-06-24T12:50:51+00:00
careers.ge@garmin.com,,Garmin,garmin,For Employment,hr_inbox,public_listed,False,github:careerLauncher,https://www.garmin.com/en-IE/careers/,Global,2027,Summer 2027,markdown_table,2026-06-24T12:50:51+00:00
jobs@gatsbyjs.com,,Gatsby,gatsby,For Employment,hr_inbox,public_listed,False,github:careerLauncher,https://www.gatsbyjs.com/careers/open-source-maintainer/,Global,2027,Summer 2027,markdown_table,2026-06-24T12:50:51+00:00
naveen+hiring@getswipe.in,,GetSwipe,getswipe,,hr_inbox,public_listed,False,web:substack_atoz_50_hr,https://atozplacementkit.substack.com/p/hr-emails-of-50-companies,,2027,Summer 2027,GetSwipe - naveen+hiring@getswipe.in,2026-06-24T12:50:51+00:00
careers@glossgenius.com,,GlossGenius,glossgenius,For Employment,hr_inbox,public_listed,False,github:careerLauncher,https://job-boards.greenhouse.io/glossgenius,Global,2027,Summer 2027,markdown_table,2026-06-24T12:50:51+00:00
ritika.pokhriyal@grizmolabs.com,,Grizmolabs,grizmolabs,,hr_inbox,public_listed,False,web:substack_atoz_50_hr,https://atozplacementkit.substack.com/p/hr-emails-of-50-companies,,2027,Summer 2027,Grizmolabs - ritika.pokhriyal@grizmolabs.com,2026-06-24T12:50:51+00:00
talentacquisition@hntb.com,,HNTB,hntb,For Employment,hr_inbox,public_listed,False,github:careerLauncher,https://www.hntb.com/contact/,Global,2027,Summer 2027,markdown_table,2026-06-24T12:50:51+00:00
chaitrashree.hegde.con@hotstar.com,,Hotstar,hotstar,,hr_inbox,public_listed,False,web:substack_atoz_50_hr,https://atozplacementkit.substack.com/p/hr-emails-of-50-companies,,2027,Summer 2027,Hotstar - chaitrashree.hegde.con@hotstar.com,2026-06-24T12:50:51+00:00
career@huawei.com,,Huawei,huawei,For Employment,hr_inbox,public_listed,False,github:careerLauncher,https://career.huawei.com/reccampportal/portal5/contact-hr.html,Global,2027,Summer 2027,markdown_table,2026-06-24T12:50:51+00:00
talent@humantic.ai,,Humantic AI,humanticai,,hr_inbox,public_listed,False,web:substack_atoz_50_hr,https://atozplacementkit.substack.com/p/hr-emails-of-50-companies,,2027,Summer 2027,Humantic AI - talent@humantic.ai,2026-06-24T12:50:51+00:00
careers@intermediagroup.org,,Inter Media Group,intermediagroup,For Employment,hr_inbox,public_listed,False,github:careerLauncher,https://www.intermediagroup.org/career-opportunities/,US,2027,Summer 2027,markdown_table,2026-06-24T12:50:51+00:00
recruiting@jackhenry.com,,Jack Henry,jackhenry,For Employment,hr_inbox,public_listed,False,github:careerLauncher,https://careers.jackhenry.com/yourexperience,Global,2027,Summer 2027,markdown_table,2026-06-24T12:50:51+00:00
miskin.shravani@juspay.in,,Juspay,juspay,,hr_inbox,public_listed,True,web:substack_atoz_50_hr,https://atozplacementkit.substack.com/p/hr-emails-of-50-companies,,2027,Summer 2027,Juspay - miskin.shravani@juspay.in,2026-06-24T12:50:51+00:00
careers@kbr-finance.com,,"KBR, Inc",kbrinc,For Employment,hr_inbox,public_listed,False,github:careerLauncher,https://www.kbr-group.com/career/,Global,2027,Summer 2027,markdown_table,2026-06-24T12:50:51+00:00
talent.acquisition@kla.com,,KLA,kla,For Employment,hr_inbox,public_listed,False,github:careerLauncher,https://www.kla.com/careers,Global,2027,Summer 2027,markdown_table,2026-06-24T12:50:51+00:00
careers@celeb-ai.com,,Kwal,kwal,,hr_inbox,public_listed,False,web:substack_atoz_50_hr,https://atozplacementkit.substack.com/p/hr-emails-of-50-companies,,2027,Summer 2027,Kwal - careers@celeb-ai.com,2026-06-24T12:50:51+00:00
talent@metastart.in,,Metastart,metastart,,hr_inbox,public_listed,False,web:substack_atoz_50_hr,https://atozplacementkit.substack.com/p/hr-emails-of-50-companies,,2027,Summer 2027,Metastart - talent@metastart.in,2026-06-24T12:50:51+00:00
careers@metrongroup.co.uk,,Metron,metron,For Employment,hr_inbox,public_listed,False,github:careerLauncher,https://www.metrongroup.co.uk/about/people-careers/,UK,2027,Summer 2027,markdown_table,2026-06-24T12:50:51+00:00
careers@midmark.com,,Midmark,midmark,For Employment,hr_inbox,public_listed,False,github:careerLauncher,https://www.midmark.in/careers-2/,Global,2027,Summer 2027,markdown_table,2026-06-24T12:50:51+00:00
jobs@mytime.com,,MyTime,mytime,For Employment,hr_inbox,public_listed,False,github:careerLauncher,https://mytime.pissedconsumer.com/customer-service.html,US,2027,Summer 2027,markdown_table,2026-06-24T12:50:51+00:00
hr@nvidia.com,,NVDIA,nvdia,For Employment,hr_inbox,public_listed,False,github:careerLauncher,https://www.nvidia.com/docs/IO/82694/NVIDIA_SC09_JobPostings.pdf,Global,2027,Summer 2027,markdown_table,2026-06-24T12:50:51+00:00
hr@nrgsystems.com,,Nrgsystems,nrgsystems,For Employment,hr_inbox,public_listed,False,github:careerLauncher,https://www.nrgsystems.com/about/careers,Global,2027,Summer 2027,markdown_table,2026-06-24T12:50:51+00:00
careers@palantir.com,,Palantir,palantir,For Employment,hr_inbox,public_listed,True,github:careerLauncher,https://www.quora.com/How-do-I-contact-someone-who-works-at-Palantir-Technologies-I-was-contacted-by-a-recruiter-but-it-looks-like-a-scam,Global,2027,Summer 2027,markdown_table,2026-06-24T12:50:51+00:00
hr@paytm.com,,Paytm,paytm,,hr_inbox,public_listed,True,web:substack_atoz_50_hr,https://atozplacementkit.substack.com/p/hr-emails-of-50-companies,,2027,Summer 2027,Paytm - hr@paytm.com,2026-06-24T12:50:51+00:00
shivani.sahraot@phonepe.com,,PhonePe,phonepe,,hr_inbox,public_listed,True,web:substack_atoz_50_hr,https://atozplacementkit.substack.com/p/hr-emails-of-50-companies,,2027,Summer 2027,"PhonePe - shivani.sahraot@phonepe.com, naved.nadeem@phonepe.com, chinmay.kulkarni@phonepe.com, gowthami.bs@phonepe.com",2026-06-24T12:50:51+00:00
jobs@quicklend.in,,Qyuicklend,qyuicklend,,hr_inbox,public_listed,False,web:substack_atoz_50_hr,https://atozplacementkit.substack.com/p/hr-emails-of-50-companies,,2027,Summer 2027,Qyuicklend - jobs@quicklend.in,2026-06-24T12:50:51+00:00
talent@rambus.com,,Rambus,rambus,For Employment,hr_inbox,public_listed,False,github:careerLauncher,https://www.rambus.com/careers/,Global,2027,Summer 2027,markdown_table,2026-06-24T12:50:51+00:00
hr@rentickle.com,,Rentickle,rentickle,,hr_inbox,public_listed,False,web:substack_atoz_50_hr,https://atozplacementkit.substack.com/p/hr-emails-of-50-companies,,2027,Summer 2027,Rentickle - hr@rentickle.com,2026-06-24T12:50:51+00:00
emergingtalent@samsung.com,,Samsung,samsung,For questions about applications,hr_inbox,public_listed,True,github:careerLauncher,https://www.samsung.com/uk/aboutsamsung/careers/emerging-talent/,Global,2027,Summer 2027,markdown_table,2026-06-24T12:50:51+00:00
jobs@sierraws.com,,Sierra Workforce Solutions,sierraworkforcesolutions,For Employment,hr_inbox,public_listed,False,github:careerLauncher,https://sierraws.com/about-us/careers/,US,2027,Summer 2027,markdown_table,2026-06-24T12:50:51+00:00
talenthelp@am.sony.com,,Sony,sony,For Employment,hr_inbox,public_listed,True,github:careerLauncher,https://www.sonyjobs.com/find-a-job.html,Global,2027,Summer 2027,markdown_table,2026-06-24T12:50:51+00:00
accessiblecareers@splunk.com,,Splunk,splunk,For Employment,hr_inbox,public_listed,True,github:careerLauncher,https://www.splunk.com/en_us/careers/how-we-hire.html,Global,2027,Summer 2027,markdown_table,2026-06-24T12:50:51+00:00
careers@talkcharge.com,,Talk charge,talkcharge,,hr_inbox,public_listed,False,web:substack_atoz_50_hr,https://atozplacementkit.substack.com/p/hr-emails-of-50-companies,,2027,Summer 2027,Talk charge - careers@talkcharge.com,2026-06-24T12:50:51+00:00
ta-recruitment@tesla.com,,Tesla,tesla,For Employment,hr_inbox,public_listed,True,github:careerLauncher,https://teslaautomation.de/en/recruitment,Global,2027,Summer 2027,markdown_table,2026-06-24T12:50:51+00:00
careers@thalesdsi.com,,Thales,thales,For Employment,hr_inbox,public_listed,False,github:careerLauncher,https://www.thalesdsi.com/contact/,Global,2027,Summer 2027,markdown_table,2026-06-24T12:50:51+00:00
careers@toyotaofmanhattan.com,,Toyota,toyota,For Employment,hr_inbox,public_listed,False,github:careerLauncher,https://www.toyotaofmanhattan.com/join-our-team.htm,"Manhattan, US",2027,Summer 2027,markdown_table,2026-06-24T12:50:51+00:00
hr@triafed.com,,Triafed,triafed,For Employment,hr_inbox,public_listed,False,github:careerLauncher,https://triafed.com/careers/,Global,2027,Summer 2027,markdown_table,2026-06-24T12:50:51+00:00
careers@trilogyinnovations.com,,Trilogy Innovations ( codenation),trilogyinnovationscodenation,[Couldn't find openings only this was mentioned careers@trilogyinnovations.com](mailto:careers@trilogyinnovations.com),hr_inbox,public_listed,False,github:List-of-companies,https://github.com/List-of-companies,,2027,Summer 2027,markdown_table,2026-06-24T12:50:51+00:00
careers@voltmoney.in,,Volt Money,voltmoney,,hr_inbox,public_listed,False,web:substack_atoz_50_hr,https://atozplacementkit.substack.com/p/hr-emails-of-50-companies,,2027,Summer 2027,"Volt Money - ankita.singh@voltmoney.in, careers@voltmoney.in",2026-06-24T12:50:51+00:00
careers@wgu.edu,,Western Governors University,westerngovernorsuniversity,For Employment,hr_inbox,public_listed,False,github:careerLauncher,https://careers.wgu.edu/,Global,2027,Summer 2027,markdown_table,2026-06-24T12:50:51+00:00
hiring@zuraverse.xyz,,Zuraverse,zuraverse,,hr_inbox,public_listed,False,web:substack_atoz_50_hr,https://atozplacementkit.substack.com/p/hr-emails-of-50-companies,,2027,Summer 2027,Zuraverse - hiring@zuraverse.xyz,2026-06-24T12:50:51+00:00
a@cautio.in,,,,,unknown,scraped,False,web:substack_atoz_50_hr,https://atozplacementkit.substack.com/p/hr-emails-of-50-companies,,2027,Summer 2027,"MatchTech (UK) - a@cautio.in, pranjal@cautio.in",2026-06-24T12:50:51+00:00
action@github.com,,,,,unknown,scraped,False,github:Summer2026-Internships,list_updater/commands.py,,2027,Summer 2027,"set_output(""commit_email"", ""action@github.com"")",2026-06-24T12:50:51+00:00
anil.ballari@indusconsultants.com,,,,,unknown,scraped,False,web:devblogger_hr_500,https://www.devblogger.in/blogs/hr-email-directory-top-500-indian-companies,,2027,Summer 2027,""">Rohit Kumar Yadav</span></a></div></div></div></header></div><div><article class=""prose max-w-none prose-sm sm:prose-base lg:prose-lg prose-headings:text-gray-800 prose-p:text-gray-600 prose-a:text-blue-600 prose-strong:text-black prose-c",2026-06-24T12:50:51+00:00
asiapacific@accord-soft.com,,,,,unknown,scraped,False,web:devblogger_hr_500,https://www.devblogger.in/blogs/hr-email-directory-top-500-indian-companies,,2027,Summer 2027,""">Rohit Kumar Yadav</span></a></div></div></div></header></div><div><article class=""prose max-w-none prose-sm sm:prose-base lg:prose-lg prose-headings:text-gray-800 prose-p:text-gray-600 prose-a:text-blue-600 prose-strong:text-black prose-c",2026-06-24T12:50:51+00:00
bangalore@vxindia.veritas.com,,,,,unknown,scraped,False,web:devblogger_hr_500,https://www.devblogger.in/blogs/hr-email-directory-top-500-indian-companies,,2027,Summer 2027,""">Rohit Kumar Yadav</span></a></div></div></div></header></div><div><article class=""prose max-w-none prose-sm sm:prose-base lg:prose-lg prose-headings:text-gray-800 prose-p:text-gray-600 prose-a:text-blue-600 prose-strong:text-black prose-c",2026-06-24T12:50:51+00:00
be@net-kraft.com,,,,,unknown,scraped,False,web:devblogger_hr_500,https://www.devblogger.in/blogs/hr-email-directory-top-500-indian-companies,,2027,Summer 2027,""">Rohit Kumar Yadav</span></a></div></div></div></header></div><div><article class=""prose max-w-none prose-sm sm:prose-base lg:prose-lg prose-headings:text-gray-800 prose-p:text-gray-600 prose-a:text-blue-600 prose-strong:text-black prose-c",2026-06-24T12:50:51+00:00
bstp@melstar.com,,,,,unknown,scraped,False,web:devblogger_hr_500,https://www.devblogger.in/blogs/hr-email-directory-top-500-indian-companies,,2027,Summer 2027,""">Rohit Kumar Yadav</span></a></div></div></div></header></div><div><article class=""prose max-w-none prose-sm sm:prose-base lg:prose-lg prose-headings:text-gray-800 prose-p:text-gray-600 prose-a:text-blue-600 prose-strong:text-black prose-c",2026-06-24T12:50:51+00:00
carer@escosoft-tech.com,,,,,unknown,scraped,False,web:devblogger_hr_500,https://www.devblogger.in/blogs/hr-email-directory-top-500-indian-companies,,2027,Summer 2027,""">Rohit Kumar Yadav</span></a></div></div></div></header></div><div><article class=""prose max-w-none prose-sm sm:prose-base lg:prose-lg prose-headings:text-gray-800 prose-p:text-gray-600 prose-a:text-blue-600 prose-strong:text-black prose-c",2026-06-24T12:50:51+00:00
cn66@vsnl.com,,,,,unknown,scraped,False,web:devblogger_hr_500,https://www.devblogger.in/blogs/hr-email-directory-top-500-indian-companies,,2027,Summer 2027,""">Rohit Kumar Yadav</span></a></div></div></div></header></div><div><article class=""prose max-w-none prose-sm sm:prose-base lg:prose-lg prose-headings:text-gray-800 prose-p:text-gray-600 prose-a:text-blue-600 prose-strong:text-black prose-c",2026-06-24T12:50:51+00:00
consulti@vsnl.com,,,,,unknown,scraped,False,web:devblogger_hr_500,https://www.devblogger.in/blogs/hr-email-directory-top-500-indian-companies,,2027,Summer 2027,""">Rohit Kumar Yadav</span></a></div></div></div></header></div><div><article class=""prose max-w-none prose-sm sm:prose-base lg:prose-lg prose-headings:text-gray-800 prose-p:text-gray-600 prose-a:text-blue-600 prose-strong:text-black prose-c",2026-06-24T12:50:51+00:00
corporatetrg@aptech.co.in,,,,,unknown,scraped,False,web:devblogger_hr_500,https://www.devblogger.in/blogs/hr-email-directory-top-500-indian-companies,,2027,Summer 2027,""">Rohit Kumar Yadav</span></a></div></div></div></header></div><div><article class=""prose max-w-none prose-sm sm:prose-base lg:prose-lg prose-headings:text-gray-800 prose-p:text-gray-600 prose-a:text-blue-600 prose-strong:text-black prose-c",2026-06-24T12:50:51+00:00
crvcon@vsnl.com,,,,,unknown,scraped,False,web:devblogger_hr_500,https://www.devblogger.in/blogs/hr-email-directory-top-500-indian-companies,,2027,Summer 2027,""">Rohit Kumar Yadav</span></a></div></div></div></header></div><div><article class=""prose max-w-none prose-sm sm:prose-base lg:prose-lg prose-headings:text-gray-800 prose-p:text-gray-600 prose-a:text-blue-600 prose-strong:text-black prose-c",2026-06-24T12:50:51+00:00
cvindia@lante.com,,,,,unknown,scraped,False,web:devblogger_hr_500,https://www.devblogger.in/blogs/hr-email-directory-top-500-indian-companies,,2027,Summer 2027,""">Rohit Kumar Yadav</span></a></div></div></div></header></div><div><article class=""prose max-w-none prose-sm sm:prose-base lg:prose-lg prose-headings:text-gray-800 prose-p:text-gray-600 prose-a:text-blue-600 prose-strong:text-black prose-c",2026-06-24T12:50:51+00:00
design@spikeindia.soft.net,,,,,unknown,scraped,False,web:devblogger_hr_500,https://www.devblogger.in/blogs/hr-email-directory-top-500-indian-companies,,2027,Summer 2027,""">Rohit Kumar Yadav</span></a></div></div></div></header></div><div><article class=""prose max-w-none prose-sm sm:prose-base lg:prose-lg prose-headings:text-gray-800 prose-p:text-gray-600 prose-a:text-blue-600 prose-strong:text-black prose-c",2026-06-24T12:50:51+00:00
dreamjob@sisc.in.sony.com.sg,,,,,unknown,scraped,False,web:devblogger_hr_500,https://www.devblogger.in/blogs/hr-email-directory-top-500-indian-companies,,2027,Summer 2027,""">Rohit Kumar Yadav</span></a></div></div></div></header></div><div><article class=""prose max-w-none prose-sm sm:prose-base lg:prose-lg prose-headings:text-gray-800 prose-p:text-gray-600 prose-a:text-blue-600 prose-strong:text-black prose-c",2026-06-24T12:50:51+00:00
duskvalley@vsnl.com,,,,,unknown,scraped,False,web:devblogger_hr_500,https://www.devblogger.in/blogs/hr-email-directory-top-500-indian-companies,,2027,Summer 2027,""">Rohit Kumar Yadav</span></a></div></div></div></header></div><div><article class=""prose max-w-none prose-sm sm:prose-base lg:prose-lg prose-headings:text-gray-800 prose-p:text-gray-600 prose-a:text-blue-600 prose-strong:text-black prose-c",2026-06-24T12:50:51+00:00
engserv@inf.com,,,,,unknown,scraped,False,web:devblogger_hr_500,https://www.devblogger.in/blogs/hr-email-directory-top-500-indian-companies,,2027,Summer 2027,""">Rohit Kumar Yadav</span></a></div></div></div></header></div><div><article class=""prose max-w-none prose-sm sm:prose-base lg:prose-lg prose-headings:text-gray-800 prose-p:text-gray-600 prose-a:text-blue-600 prose-strong:text-black prose-c",2026-06-24T12:50:51+00:00
forbesbg@bgl.vsnl.net.in,,,,,unknown,scraped,False,web:devblogger_hr_500,https://www.devblogger.in/blogs/hr-email-directory-top-500-indian-companies,,2027,Summer 2027,""">Rohit Kumar Yadav</span></a></div></div></div></header></div><div><article class=""prose max-w-none prose-sm sm:prose-base lg:prose-lg prose-headings:text-gray-800 prose-p:text-gray-600 prose-a:text-blue-600 prose-strong:text-black prose-c",2026-06-24T12:50:51+00:00
freedom@ggn.hcltech.com,,,,,unknown,scraped,False,web:devblogger_hr_500,https://www.devblogger.in/blogs/hr-email-directory-top-500-indian-companies,,2027,Summer 2027,""">Rohit Kumar Yadav</span></a></div></div></div></header></div><div><article class=""prose max-w-none prose-sm sm:prose-base lg:prose-lg prose-headings:text-gray-800 prose-p:text-gray-600 prose-a:text-blue-600 prose-strong:text-black prose-c",2026-06-24T12:50:51+00:00
future4u@ftdpl.com.sg,,,,,unknown,scraped,False,web:devblogger_hr_500,https://www.devblogger.in/blogs/hr-email-directory-top-500-indian-companies,,2027,Summer 2027,""">Rohit Kumar Yadav</span></a></div></div></div></header></div><div><article class=""prose max-w-none prose-sm sm:prose-base lg:prose-lg prose-headings:text-gray-800 prose-p:text-gray-600 prose-a:text-blue-600 prose-strong:text-black prose-c",2026-06-24T12:50:51+00:00
ganesh@subegroup.com,,,,,unknown,scraped,False,web:devblogger_hr_500,https://www.devblogger.in/blogs/hr-email-directory-top-500-indian-companies,,2027,Summer 2027,""">Rohit Kumar Yadav</span></a></div></div></div></header></div><div><article class=""prose max-w-none prose-sm sm:prose-base lg:prose-lg prose-headings:text-gray-800 prose-p:text-gray-600 prose-a:text-blue-600 prose-strong:text-black prose-c",2026-06-24T12:50:51+00:00
geetha_cherian@onwardgroup.com,,,,,unknown,scraped,False,web:devblogger_hr_500,https://www.devblogger.in/blogs/hr-email-directory-top-500-indian-companies,,2027,Summer 2027,""">Rohit Kumar Yadav</span></a></div></div></div></header></div><div><article class=""prose max-w-none prose-sm sm:prose-base lg:prose-lg prose-headings:text-gray-800 prose-p:text-gray-600 prose-a:text-blue-600 prose-strong:text-black prose-c",2026-06-24T12:50:51+00:00
general@cominsights.com,,,,,unknown,scraped,False,web:devblogger_hr_500,https://www.devblogger.in/blogs/hr-email-directory-top-500-indian-companies,,2027,Summer 2027,""">Rohit Kumar Yadav</span></a></div></div></div></header></div><div><article class=""prose max-w-none prose-sm sm:prose-base lg:prose-lg prose-headings:text-gray-800 prose-p:text-gray-600 prose-a:text-blue-600 prose-strong:text-black prose-c",2026-06-24T12:50:51+00:00
got2b@aditi.com,,,,,unknown,scraped,False,web:devblogger_hr_500,https://www.devblogger.in/blogs/hr-email-directory-top-500-indian-companies,,2027,Summer 2027,""">Rohit Kumar Yadav</span></a></div></div></div></header></div><div><article class=""prose max-w-none prose-sm sm:prose-base lg:prose-lg prose-headings:text-gray-800 prose-p:text-gray-600 prose-a:text-blue-600 prose-strong:text-black prose-c",2026-06-24T12:50:51+00:00
got2b@systemlogic.com,,,,,unknown,scraped,False,web:devblogger_hr_500,https://www.devblogger.in/blogs/hr-email-directory-top-500-indian-companies,,2027,Summer 2027,""">Rohit Kumar Yadav</span></a></div></div></div></header></div><div><article class=""prose max-w-none prose-sm sm:prose-base lg:prose-lg prose-headings:text-gray-800 prose-p:text-gray-600 prose-a:text-blue-600 prose-strong:text-black prose-c",2026-06-24T12:50:51+00:00
got2b@talisma.com,,,,,unknown,scraped,False,web:devblogger_hr_500,https://www.devblogger.in/blogs/hr-email-directory-top-500-indian-companies,,2027,Summer 2027,""">Rohit Kumar Yadav</span></a></div></div></div></header></div><div><article class=""prose max-w-none prose-sm sm:prose-base lg:prose-lg prose-headings:text-gray-800 prose-p:text-gray-600 prose-a:text-blue-600 prose-strong:text-black prose-c",2026-06-24T12:50:51+00:00
guru@synopsys.com,,,,,unknown,scraped,False,web:devblogger_hr_500,https://www.devblogger.in/blogs/hr-email-directory-top-500-indian-companies,,2027,Summer 2027,""">Rohit Kumar Yadav</span></a></div></div></div></header></div><div><article class=""prose max-w-none prose-sm sm:prose-base lg:prose-lg prose-headings:text-gray-800 prose-p:text-gray-600 prose-a:text-blue-600 prose-strong:text-black prose-c",2026-06-24T12:50:51+00:00
hps.rmg@hpsglobal.com,,,,,unknown,scraped,False,web:devblogger_hr_500,https://www.devblogger.in/blogs/hr-email-directory-top-500-indian-companies,,2027,Summer 2027,""">Rohit Kumar Yadav</span></a></div></div></div></header></div><div><article class=""prose max-w-none prose-sm sm:prose-base lg:prose-lg prose-headings:text-gray-800 prose-p:text-gray-600 prose-a:text-blue-600 prose-strong:text-black prose-c",2026-06-24T12:50:51+00:00
htc.blr@htcinc.com,,,,,unknown,scraped,False,web:devblogger_hr_500,https://www.devblogger.in/blogs/hr-email-directory-top-500-indian-companies,,2027,Summer 2027,""">Rohit Kumar Yadav</span></a></div></div></div></header></div><div><article class=""prose max-w-none prose-sm sm:prose-base lg:prose-lg prose-headings:text-gray-800 prose-p:text-gray-600 prose-a:text-blue-600 prose-strong:text-black prose-c",2026-06-24T12:50:51+00:00
ibelong@zeenext.com,,,,,unknown,scraped,False,web:devblogger_hr_500,https://www.devblogger.in/blogs/hr-email-directory-top-500-indian-companies,,2027,Summer 2027,""">Rohit Kumar Yadav</span></a></div></div></div></header></div><div><article class=""prose max-w-none prose-sm sm:prose-base lg:prose-lg prose-headings:text-gray-800 prose-p:text-gray-600 prose-a:text-blue-600 prose-strong:text-black prose-c",2026-06-24T12:50:51+00:00
iihmr@iihmr.org,,,,,unknown,scraped,False,web:devblogger_hr_500,https://www.devblogger.in/blogs/hr-email-directory-top-500-indian-companies,,2027,Summer 2027,""">Rohit Kumar Yadav</span></a></div></div></div></header></div><div><article class=""prose max-w-none prose-sm sm:prose-base lg:prose-lg prose-headings:text-gray-800 prose-p:text-gray-600 prose-a:text-blue-600 prose-strong:text-black prose-c",2026-06-24T12:50:51+00:00
infdim@vsnl.com,,,,,unknown,scraped,False,web:devblogger_hr_500,https://www.devblogger.in/blogs/hr-email-directory-top-500-indian-companies,,2027,Summer 2027,""">Rohit Kumar Yadav</span></a></div></div></div></header></div><div><article class=""prose max-w-none prose-sm sm:prose-base lg:prose-lg prose-headings:text-gray-800 prose-p:text-gray-600 prose-a:text-blue-600 prose-strong:text-black prose-c",2026-06-24T12:50:51+00:00
infinity@ssi-technologies.com,,,,,unknown,scraped,False,web:devblogger_hr_500,https://www.devblogger.in/blogs/hr-email-directory-top-500-indian-companies,,2027,Summer 2027,""">Rohit Kumar Yadav</span></a></div></div></div></header></div><div><article class=""prose max-w-none prose-sm sm:prose-base lg:prose-lg prose-headings:text-gray-800 prose-p:text-gray-600 prose-a:text-blue-600 prose-strong:text-black prose-c",2026-06-24T12:50:51+00:00
infostrands@gtvltd.com,,,,,unknown,scraped,False,web:devblogger_hr_500,https://www.devblogger.in/blogs/hr-email-directory-top-500-indian-companies,,2027,Summer 2027,""">Rohit Kumar Yadav</span></a></div></div></div></header></div><div><article class=""prose max-w-none prose-sm sm:prose-base lg:prose-lg prose-headings:text-gray-800 prose-p:text-gray-600 prose-a:text-blue-600 prose-strong:text-black prose-c",2026-06-24T12:50:51+00:00
itl.geitc@geind.ge.com,,,,,unknown,scraped,False,web:devblogger_hr_500,https://www.devblogger.in/blogs/hr-email-directory-top-500-indian-companies,,2027,Summer 2027,""">Rohit Kumar Yadav</span></a></div></div></div></header></div><div><article class=""prose max-w-none prose-sm sm:prose-base lg:prose-lg prose-headings:text-gray-800 prose-p:text-gray-600 prose-a:text-blue-600 prose-strong:text-black prose-c",2026-06-24T12:50:51+00:00
jkconsultants@vsnl.com,,,,,unknown,scraped,False,web:devblogger_hr_500,https://www.devblogger.in/blogs/hr-email-directory-top-500-indian-companies,,2027,Summer 2027,""">Rohit Kumar Yadav</span></a></div></div></div></header></div><div><article class=""prose max-w-none prose-sm sm:prose-base lg:prose-lg prose-headings:text-gray-800 prose-p:text-gray-600 prose-a:text-blue-600 prose-strong:text-black prose-c",2026-06-24T12:50:51+00:00
joinus@duskvalley.com,,,,,unknown,scraped,False,web:devblogger_hr_500,https://www.devblogger.in/blogs/hr-email-directory-top-500-indian-companies,,2027,Summer 2027,""">Rohit Kumar Yadav</span></a></div></div></div></header></div><div><article class=""prose max-w-none prose-sm sm:prose-base lg:prose-lg prose-headings:text-gray-800 prose-p:text-gray-600 prose-a:text-blue-600 prose-strong:text-black prose-c",2026-06-24T12:50:51+00:00
krish@stumpvision.com,,,,,unknown,scraped,False,web:devblogger_hr_500,https://www.devblogger.in/blogs/hr-email-directory-top-500-indian-companies,,2027,Summer 2027,""">Rohit Kumar Yadav</span></a></div></div></div></header></div><div><article class=""prose max-w-none prose-sm sm:prose-base lg:prose-lg prose-headings:text-gray-800 prose-p:text-gray-600 prose-a:text-blue-600 prose-strong:text-black prose-c",2026-06-24T12:50:51+00:00
livefree@orbit-e.com,,,,,unknown,scraped,False,web:devblogger_hr_500,https://www.devblogger.in/blogs/hr-email-directory-top-500-indian-companies,,2027,Summer 2027,""">Rohit Kumar Yadav</span></a></div></div></div></header></div><div><article class=""prose max-w-none prose-sm sm:prose-base lg:prose-lg prose-headings:text-gray-800 prose-p:text-gray-600 prose-a:text-blue-600 prose-strong:text-black prose-c",2026-06-24T12:50:51+00:00
mamol@in.ibm.com,,,,,unknown,scraped,False,web:devblogger_hr_500,https://www.devblogger.in/blogs/hr-email-directory-top-500-indian-companies,,2027,Summer 2027,""">Rohit Kumar Yadav</span></a></div></div></div></header></div><div><article class=""prose max-w-none prose-sm sm:prose-base lg:prose-lg prose-headings:text-gray-800 prose-p:text-gray-600 prose-a:text-blue-600 prose-strong:text-black prose-c",2026-06-24T12:50:51+00:00
map@jobcurry.com,,,,,unknown,scraped,False,web:devblogger_hr_500,https://www.devblogger.in/blogs/hr-email-directory-top-500-indian-companies,,2027,Summer 2027,""">Rohit Kumar Yadav</span></a></div></div></div></header></div><div><article class=""prose max-w-none prose-sm sm:prose-base lg:prose-lg prose-headings:text-gray-800 prose-p:text-gray-600 prose-a:text-blue-600 prose-strong:text-black prose-c",2026-06-24T12:50:51+00:00
mjojo@tvsfugen.com,,,,,unknown,scraped,False,web:devblogger_hr_500,https://www.devblogger.in/blogs/hr-email-directory-top-500-indian-companies,,2027,Summer 2027,""">Rohit Kumar Yadav</span></a></div></div></div></header></div><div><article class=""prose max-w-none prose-sm sm:prose-base lg:prose-lg prose-headings:text-gray-800 prose-p:text-gray-600 prose-a:text-blue-600 prose-strong:text-black prose-c",2026-06-24T12:50:51+00:00
msindinc@aol.com,,,,,unknown,scraped,False,web:devblogger_hr_500,https://www.devblogger.in/blogs/hr-email-directory-top-500-indian-companies,,2027,Summer 2027,""">Rohit Kumar Yadav</span></a></div></div></div></header></div><div><article class=""prose max-w-none prose-sm sm:prose-base lg:prose-lg prose-headings:text-gray-800 prose-p:text-gray-600 prose-a:text-blue-600 prose-strong:text-black prose-c",2026-06-24T12:50:51+00:00
muralikrishna@pentafour.com,,,,,unknown,scraped,False,web:devblogger_hr_500,https://www.devblogger.in/blogs/hr-email-directory-top-500-indian-companies,,2027,Summer 2027,""">Rohit Kumar Yadav</span></a></div></div></div></header></div><div><article class=""prose max-w-none prose-sm sm:prose-base lg:prose-lg prose-headings:text-gray-800 prose-p:text-gray-600 prose-a:text-blue-600 prose-strong:text-black prose-c",2026-06-24T12:50:51+00:00
naveen.vemula@oracle.com,,,,,unknown,scraped,False,web:devblogger_hr_500,https://www.devblogger.in/blogs/hr-email-directory-top-500-indian-companies,,2027,Summer 2027,""">Rohit Kumar Yadav</span></a></div></div></div></header></div><div><article class=""prose max-w-none prose-sm sm:prose-base lg:prose-lg prose-headings:text-gray-800 prose-p:text-gray-600 prose-a:text-blue-600 prose-strong:text-black prose-c",2026-06-24T12:50:51+00:00
onsite_java@lgsi.com,,,,,unknown,scraped,False,web:devblogger_hr_500,https://www.devblogger.in/blogs/hr-email-directory-top-500-indian-companies,,2027,Summer 2027,""">Rohit Kumar Yadav</span></a></div></div></div></header></div><div><article class=""prose max-w-none prose-sm sm:prose-base lg:prose-lg prose-headings:text-gray-800 prose-p:text-gray-600 prose-a:text-blue-600 prose-strong:text-black prose-c",2026-06-24T12:50:51+00:00
opportunities@gmrinfo.com,,,,,unknown,scraped,False,web:devblogger_hr_500,https://www.devblogger.in/blogs/hr-email-directory-top-500-indian-companies,,2027,Summer 2027,""">Rohit Kumar Yadav</span></a></div></div></div></header></div><div><article class=""prose max-w-none prose-sm sm:prose-base lg:prose-lg prose-headings:text-gray-800 prose-p:text-gray-600 prose-a:text-blue-600 prose-strong:text-black prose-c",2026-06-24T12:50:51+00:00
opportunities@hpsblr.soft.net,,,,,unknown,scraped,False,web:devblogger_hr_500,https://www.devblogger.in/blogs/hr-email-directory-top-500-indian-companies,,2027,Summer 2027,""">Rohit Kumar Yadav</span></a></div></div></div></header></div><div><article class=""prose max-w-none prose-sm sm:prose-base lg:prose-lg prose-headings:text-gray-800 prose-p:text-gray-600 prose-a:text-blue-600 prose-strong:text-black prose-c",2026-06-24T12:50:51+00:00
osudar@in.ibm.com,,,,,unknown,scraped,False,web:devblogger_hr_500,https://www.devblogger.in/blogs/hr-email-directory-top-500-indian-companies,,2027,Summer 2027,""">Rohit Kumar Yadav</span></a></div></div></div></header></div><div><article class=""prose max-w-none prose-sm sm:prose-base lg:prose-lg prose-headings:text-gray-800 prose-p:text-gray-600 prose-a:text-blue-600 prose-strong:text-black prose-c",2026-06-24T12:50:51+00:00
pdotblr@usa.net,,,,,unknown,scraped,False,web:devblogger_hr_500,https://www.devblogger.in/blogs/hr-email-directory-top-500-indian-companies,,2027,Summer 2027,""">Rohit Kumar Yadav</span></a></div></div></div></header></div><div><article class=""prose max-w-none prose-sm sm:prose-base lg:prose-lg prose-headings:text-gray-800 prose-p:text-gray-600 prose-a:text-blue-600 prose-strong:text-black prose-c",2026-06-24T12:50:51+00:00
personnel@stpb.soft.net,,,,,unknown,scraped,False,web:devblogger_hr_500,https://www.devblogger.in/blogs/hr-email-directory-top-500-indian-companies,,2027,Summer 2027,""">Rohit Kumar Yadav</span></a></div></div></div></header></div><div><article class=""prose max-w-none prose-sm sm:prose-base lg:prose-lg prose-headings:text-gray-800 prose-p:text-gray-600 prose-a:text-blue-600 prose-strong:text-black prose-c",2026-06-24T12:50:51+00:00
prakash@ptpl.com,,,,,unknown,scraped,False,web:devblogger_hr_500,https://www.devblogger.in/blogs/hr-email-directory-top-500-indian-companies,,2027,Summer 2027,""">Rohit Kumar Yadav</span></a></div></div></div></header></div><div><article class=""prose max-w-none prose-sm sm:prose-base lg:prose-lg prose-headings:text-gray-800 prose-p:text-gray-600 prose-a:text-blue-600 prose-strong:text-black prose-c",2026-06-24T12:50:51+00:00
pranjal@cautio.in,,,,,unknown,scraped,False,web:substack_atoz_50_hr,https://atozplacementkit.substack.com/p/hr-emails-of-50-companies,,2027,Summer 2027,"MatchTech (UK) - a@cautio.in, pranjal@cautio.in",2026-06-24T12:50:51+00:00
protocol@pundits.com,,,,,unknown,scraped,False,web:devblogger_hr_500,https://www.devblogger.in/blogs/hr-email-directory-top-500-indian-companies,,2027,Summer 2027,""">Rohit Kumar Yadav</span></a></div></div></div></header></div><div><article class=""prose max-w-none prose-sm sm:prose-base lg:prose-lg prose-headings:text-gray-800 prose-p:text-gray-600 prose-a:text-blue-600 prose-strong:text-black prose-c",2026-06-24T12:50:51+00:00
psaib@datamatics.com,,,,,unknown,scraped,False,web:devblogger_hr_500,https://www.devblogger.in/blogs/hr-email-directory-top-500-indian-companies,,2027,Summer 2027,""">Rohit Kumar Yadav</span></a></div></div></div></header></div><div><article class=""prose max-w-none prose-sm sm:prose-base lg:prose-lg prose-headings:text-gray-800 prose-p:text-gray-600 prose-a:text-blue-600 prose-strong:text-black prose-c",2026-06-24T12:50:51+00:00
ravikum@mbox2.singnet.com.sg,,,,,unknown,scraped,False,web:devblogger_hr_500,https://www.devblogger.in/blogs/hr-email-directory-top-500-indian-companies,,2027,Summer 2027,""">Rohit Kumar Yadav</span></a></div></div></div></header></div><div><article class=""prose max-w-none prose-sm sm:prose-base lg:prose-lg prose-headings:text-gray-800 prose-p:text-gray-600 prose-a:text-blue-600 prose-strong:text-black prose-c",2026-06-24T12:50:51+00:00
reach@vsnl.com,,,,,unknown,scraped,False,web:devblogger_hr_500,https://www.devblogger.in/blogs/hr-email-directory-top-500-indian-companies,,2027,Summer 2027,""">Rohit Kumar Yadav</span></a></div></div></div></header></div><div><article class=""prose max-w-none prose-sm sm:prose-base lg:prose-lg prose-headings:text-gray-800 prose-p:text-gray-600 prose-a:text-blue-600 prose-strong:text-black prose-c",2026-06-24T12:50:51+00:00
rebus@vsnl.com,,,,,unknown,scraped,False,web:devblogger_hr_500,https://www.devblogger.in/blogs/hr-email-directory-top-500-indian-companies,,2027,Summer 2027,""">Rohit Kumar Yadav</span></a></div></div></div></header></div><div><article class=""prose max-w-none prose-sm sm:prose-base lg:prose-lg prose-headings:text-gray-800 prose-p:text-gray-600 prose-a:text-blue-600 prose-strong:text-black prose-c",2026-06-24T12:50:51+00:00
relqusa@relq.com,,,,,unknown,scraped,False,web:devblogger_hr_500,https://www.devblogger.in/blogs/hr-email-directory-top-500-indian-companies,,2027,Summer 2027,""">Rohit Kumar Yadav</span></a></div></div></div></header></div><div><article class=""prose max-w-none prose-sm sm:prose-base lg:prose-lg prose-headings:text-gray-800 prose-p:text-gray-600 prose-a:text-blue-600 prose-strong:text-black prose-c",2026-06-24T12:50:51+00:00
rescw@arthurandersen.com,,,,,unknown,scraped,False,web:devblogger_hr_500,https://www.devblogger.in/blogs/hr-email-directory-top-500-indian-companies,,2027,Summer 2027,""">Rohit Kumar Yadav</span></a></div></div></div></header></div><div><article class=""prose max-w-none prose-sm sm:prose-base lg:prose-lg prose-headings:text-gray-800 prose-p:text-gray-600 prose-a:text-blue-600 prose-strong:text-black prose-c",2026-06-24T12:50:51+00:00
resoft@satyam.net.in,,,,,unknown,scraped,False,web:devblogger_hr_500,https://www.devblogger.in/blogs/hr-email-directory-top-500-indian-companies,,2027,Summer 2027,""">Rohit Kumar Yadav</span></a></div></div></div></header></div><div><article class=""prose max-w-none prose-sm sm:prose-base lg:prose-lg prose-headings:text-gray-800 prose-p:text-gray-600 prose-a:text-blue-600 prose-strong:text-black prose-c",2026-06-24T12:50:51+00:00
resume_india@intergraph.com,,,,,unknown,scraped,False,web:devblogger_hr_500,https://www.devblogger.in/blogs/hr-email-directory-top-500-indian-companies,,2027,Summer 2027,""">Rohit Kumar Yadav</span></a></div></div></div></header></div><div><article class=""prose max-w-none prose-sm sm:prose-base lg:prose-lg prose-headings:text-gray-800 prose-p:text-gray-600 prose-a:text-blue-600 prose-strong:text-black prose-c",2026-06-24T12:50:51+00:00
resume_toib@polaris.co.in,,,,,unknown,scraped,False,web:devblogger_hr_500,https://www.devblogger.in/blogs/hr-email-directory-top-500-indian-companies,,2027,Summer 2027,""">Rohit Kumar Yadav</span></a></div></div></div></header></div><div><article class=""prose max-w-none prose-sm sm:prose-base lg:prose-lg prose-headings:text-gray-800 prose-p:text-gray-600 prose-a:text-blue-600 prose-strong:text-black prose-c",2026-06-24T12:50:51+00:00
resumeblr@hclt.com,,,,,unknown,scraped,False,web:devblogger_hr_500,https://www.devblogger.in/blogs/hr-email-directory-top-500-indian-companies,,2027,Summer 2027,""">Rohit Kumar Yadav</span></a></div></div></div></header></div><div><article class=""prose max-w-none prose-sm sm:prose-base lg:prose-lg prose-headings:text-gray-800 prose-p:text-gray-600 prose-a:text-blue-600 prose-strong:text-black prose-c",2026-06-24T12:50:51+00:00
resumetoib@hss.hns.com,,,,,unknown,scraped,False,web:devblogger_hr_500,https://www.devblogger.in/blogs/hr-email-directory-top-500-indian-companies,,2027,Summer 2027,""">Rohit Kumar Yadav</span></a></div></div></div></header></div><div><article class=""prose max-w-none prose-sm sm:prose-base lg:prose-lg prose-headings:text-gray-800 prose-p:text-gray-600 prose-a:text-blue-600 prose-strong:text-black prose-c",2026-06-24T12:50:51+00:00
rsg@in.velocient.com,,,,,unknown,scraped,False,web:devblogger_hr_500,https://www.devblogger.in/blogs/hr-email-directory-top-500-indian-companies,,2027,Summer 2027,""">Rohit Kumar Yadav</span></a></div></div></div></header></div><div><article class=""prose max-w-none prose-sm sm:prose-base lg:prose-lg prose-headings:text-gray-800 prose-p:text-gray-600 prose-a:text-blue-600 prose-strong:text-black prose-c",2026-06-24T12:50:51+00:00
rsriram@hclt.com,,,,,unknown,scraped,False,web:devblogger_hr_500,https://www.devblogger.in/blogs/hr-email-directory-top-500-indian-companies,,2027,Summer 2027,""">Rohit Kumar Yadav</span></a></div></div></div></header></div><div><article class=""prose max-w-none prose-sm sm:prose-base lg:prose-lg prose-headings:text-gray-800 prose-p:text-gray-600 prose-a:text-blue-600 prose-strong:text-black prose-c",2026-06-24T12:50:51+00:00
sandeep.bhattacharya@iflexsolutions.com,,,,,unknown,scraped,False,web:devblogger_hr_500,https://www.devblogger.in/blogs/hr-email-directory-top-500-indian-companies,,2027,Summer 2027,""">Rohit Kumar Yadav</span></a></div></div></div></header></div><div><article class=""prose max-w-none prose-sm sm:prose-base lg:prose-lg prose-headings:text-gray-800 prose-p:text-gray-600 prose-a:text-blue-600 prose-strong:text-black prose-c",2026-06-24T12:50:51+00:00
sanjukta.sarkar@sap.com,,,,,unknown,scraped,False,web:devblogger_hr_500,https://www.devblogger.in/blogs/hr-email-directory-top-500-indian-companies,,2027,Summer 2027,""">Rohit Kumar Yadav</span></a></div></div></div></header></div><div><article class=""prose max-w-none prose-sm sm:prose-base lg:prose-lg prose-headings:text-gray-800 prose-p:text-gray-600 prose-a:text-blue-600 prose-strong:text-black prose-c",2026-06-24T12:50:51+00:00
sixsigma@bgl.vsnl.net.in,,,,,unknown,scraped,False,web:devblogger_hr_500,https://www.devblogger.in/blogs/hr-email-directory-top-500-indian-companies,,2027,Summer 2027,""">Rohit Kumar Yadav</span></a></div></div></div></header></div><div><article class=""prose max-w-none prose-sm sm:prose-base lg:prose-lg prose-headings:text-gray-800 prose-p:text-gray-600 prose-a:text-blue-600 prose-strong:text-black prose-c",2026-06-24T12:50:51+00:00
speri@techpeople-india.com,,,,,unknown,scraped,False,web:devblogger_hr_500,https://www.devblogger.in/blogs/hr-email-directory-top-500-indian-companies,,2027,Summer 2027,""">Rohit Kumar Yadav</span></a></div></div></div></header></div><div><article class=""prose max-w-none prose-sm sm:prose-base lg:prose-lg prose-headings:text-gray-800 prose-p:text-gray-600 prose-a:text-blue-600 prose-strong:text-black prose-c",2026-06-24T12:50:51+00:00
stumpvision@blr.vsnl.net.in,,,,,unknown,scraped,False,web:devblogger_hr_500,https://www.devblogger.in/blogs/hr-email-directory-top-500-indian-companies,,2027,Summer 2027,""">Rohit Kumar Yadav</span></a></div></div></div></header></div><div><article class=""prose max-w-none prose-sm sm:prose-base lg:prose-lg prose-headings:text-gray-800 prose-p:text-gray-600 prose-a:text-blue-600 prose-strong:text-black prose-c",2026-06-24T12:50:51+00:00
subbu@deldot.com,,,,,unknown,scraped,False,web:devblogger_hr_500,https://www.devblogger.in/blogs/hr-email-directory-top-500-indian-companies,,2027,Summer 2027,""">Rohit Kumar Yadav</span></a></div></div></div></header></div><div><article class=""prose max-w-none prose-sm sm:prose-base lg:prose-lg prose-headings:text-gray-800 prose-p:text-gray-600 prose-a:text-blue-600 prose-strong:text-black prose-c",2026-06-24T12:50:51+00:00
suman.rajeev@oracle.com,,,,,unknown,scraped,False,web:devblogger_hr_500,https://www.devblogger.in/blogs/hr-email-directory-top-500-indian-companies,,2027,Summer 2027,""">Rohit Kumar Yadav</span></a></div></div></div></header></div><div><article class=""prose max-w-none prose-sm sm:prose-base lg:prose-lg prose-headings:text-gray-800 prose-p:text-gray-600 prose-a:text-blue-600 prose-strong:text-black prose-c",2026-06-24T12:50:51+00:00
sunitha@techdriveintl.com,,,,,unknown,scraped,False,web:devblogger_hr_500,https://www.devblogger.in/blogs/hr-email-directory-top-500-indian-companies,,2027,Summer 2027,""">Rohit Kumar Yadav</span></a></div></div></div></header></div><div><article class=""prose max-w-none prose-sm sm:prose-base lg:prose-lg prose-headings:text-gray-800 prose-p:text-gray-600 prose-a:text-blue-600 prose-strong:text-black prose-c",2026-06-24T12:50:51+00:00
svadivel@visteon.com,,,,,unknown,scraped,False,web:devblogger_hr_500,https://www.devblogger.in/blogs/hr-email-directory-top-500-indian-companies,,2027,Summer 2027,""">Rohit Kumar Yadav</span></a></div></div></div></header></div><div><article class=""prose max-w-none prose-sm sm:prose-base lg:prose-lg prose-headings:text-gray-800 prose-p:text-gray-600 prose-a:text-blue-600 prose-strong:text-black prose-c",2026-06-24T12:50:51+00:00
vma@vsnl.com,,,,,unknown,scraped,False,web:devblogger_hr_500,https://www.devblogger.in/blogs/hr-email-directory-top-500-indian-companies,,2027,Summer 2027,""">Rohit Kumar Yadav</span></a></div></div></div></header></div><div><article class=""prose max-w-none prose-sm sm:prose-base lg:prose-lg prose-headings:text-gray-800 prose-p:text-gray-600 prose-a:text-blue-600 prose-strong:text-black prose-c",2026-06-24T12:50:51+00:00
walkin@lgsi.com,,,,,unknown,scraped,False,web:devblogger_hr_500,https://www.devblogger.in/blogs/hr-email-directory-top-500-indian-companies,,2027,Summer 2027,""">Rohit Kumar Yadav</span></a></div></div></div></header></div><div><article class=""prose max-w-none prose-sm sm:prose-base lg:prose-lg prose-headings:text-gray-800 prose-p:text-gray-600 prose-a:text-blue-600 prose-strong:text-black prose-c",2026-06-24T12:50:51+00:00
want2b@aditi.com,,,,,unknown,scraped,False,web:devblogger_hr_500,https://www.devblogger.in/blogs/hr-email-directory-top-500-indian-companies,,2027,Summer 2027,""">Rohit Kumar Yadav</span></a></div></div></div></header></div><div><article class=""prose max-w-none prose-sm sm:prose-base lg:prose-lg prose-headings:text-gray-800 prose-p:text-gray-600 prose-a:text-blue-600 prose-strong:text-black prose-c",2026-06-24T12:50:51+00:00
want2b@netbrahma.com,,,,,unknown,scraped,False,web:devblogger_hr_500,https://www.devblogger.in/blogs/hr-email-directory-top-500-indian-companies,,2027,Summer 2027,""">Rohit Kumar Yadav</span></a></div></div></div></header></div><div><article class=""prose max-w-none prose-sm sm:prose-base lg:prose-lg prose-headings:text-gray-800 prose-p:text-gray-600 prose-a:text-blue-600 prose-strong:text-black prose-c",2026-06-24T12:50:51+00:00
work_here@kindlesystems.com,,,,,unknown,scraped,False,web:devblogger_hr_500,https://www.devblogger.in/blogs/hr-email-directory-top-500-indian-companies,,2027,Summer 2027,""">Rohit Kumar Yadav</span></a></div></div></div></header></div><div><article class=""prose max-w-none prose-sm sm:prose-base lg:prose-lg prose-headings:text-gray-800 prose-p:text-gray-600 prose-a:text-blue-600 prose-strong:text-black prose-c",2026-06-24T12:50:51+00:00
hello@aclima.io,,Aclima,aclima,For questions about applications,unknown,scraped,False,github:careerLauncher,https://aclima.earth/contact-us,"San Francisco, CA",2027,Summer 2027,markdown_table,2026-06-24T12:50:51+00:00
hello@adbrew.io,,Adbrew,adbrew,,unknown,scraped,False,web:substack_atoz_50_hr,https://atozplacementkit.substack.com/p/hr-emails-of-50-companies,,2027,Summer 2027,"Adbrew - hiring@adbrew.io, hello@adbrew.io",2026-06-24T12:50:51+00:00
arpita.helpline@gmail.com,,Arpita Suicide Prevention Helpline,arpitasuicidepreventionhelpline,080-23655557 <br><br> (10:00 AM - 01:00 PM and <br> 02:00 PM - 05:00 PM),unknown,scraped,False,github:new-grad-tech-roles--india,https://github.com/new-grad-tech-roles--india,Mon to Fri),2027,Summer 2027,markdown_table,2026-06-24T12:50:51+00:00
debasmita.roy@astrotalk.com,,Astrotalk,astrotalk,,unknown,scraped,False,web:substack_atoz_50_hr,https://atozplacementkit.substack.com/p/hr-emails-of-50-companies,,2027,Summer 2027,"Astrotalk - debasmita.roy@astrotalk.com, hiring@astrotalk.com",2026-06-24T12:50:51+00:00
accessibility@autodesk.com,,Autodesk,autodesk,For everything (+Employment),unknown,scraped,True,github:careerLauncher,https://www.autodesk.com/careers/overview,Global,2027,Summer 2027,markdown_table,2026-06-24T12:50:51+00:00
accessibility@baesystems.com,,BAE Systems,baesystems,For Employment,unknown,scraped,False,github:careerLauncher,https://jobs.baesystems.com/global/en/search-results,Global,2027,Summer 2027,markdown_table,2026-06-24T12:50:51+00:00
yourresourcingsupport@barclays.com,,Barclays,barclays,For Employment,unknown,scraped,True,github:careerLauncher,https://search.jobs.barclays/adjustments-to-the-recruitment-process,Global,2027,Summer 2027,markdown_table,2026-06-24T12:50:51+00:00
pankaj@blance.in,,Blance,blance,,unknown,scraped,False,web:substack_atoz_50_hr,https://atozplacementkit.substack.com/p/hr-emails-of-50-companies,,2027,Summer 2027,Blance - pankaj@blance.in,2026-06-24T12:50:51+00:00
mahalaxmi.desai@brightmoney.co,,Bright Money,brightmoney,,unknown,scraped,False,web:substack_atoz_50_hr,https://atozplacementkit.substack.com/p/hr-emails-of-50-companies,,2027,Summer 2027,Bright Money - mahalaxmi.desai@brightmoney.co,2026-06-24T12:50:51+00:00
gursharan.kaur@cars24.com,,Cars24,cars24,,unknown,scraped,True,web:substack_atoz_50_hr,https://atozplacementkit.substack.com/p/hr-emails-of-50-companies,,2027,Summer 2027,"Cars24 - swapnil.mishra@cars24.com, Mahima.jain@cars24.com, gursharan.kaur@cars24.com",2026-06-24T12:50:51+00:00
mahima.jain@cars24.com,,Cars24,cars24,,unknown,scraped,True,web:substack_atoz_50_hr,https://atozplacementkit.substack.com/p/hr-emails-of-50-companies,,2027,Summer 2027,"Cars24 - swapnil.mishra@cars24.com, Mahima.jain@cars24.com, gursharan.kaur@cars24.com",2026-06-24T12:50:51+00:00
tom@cerebras.net,,Cerebras,cerebras,For Employment,unknown,scraped,True,github:careerLauncher,https://coda.io/@cerebras-careers/cerebras-interviewing-guide/college-hiring-cerebras-7,Global,2027,Summer 2027,markdown_table,2026-06-24T12:50:51+00:00
areers@corning.com,,Corning,corning,For Employment,unknown,scraped,False,github:careerLauncher,https://www.corning.com/emea/fr/careers/locations.html,Global,2027,Summer 2027,markdown_table,2026-06-24T12:50:51+00:00
mamta.s@zluri.com,,Cypherock,cypherock,,unknown,scraped,False,web:substack_atoz_50_hr,https://atozplacementkit.substack.com/p/hr-emails-of-50-companies,,2027,Summer 2027,"Cypherock - mamta.s@zluri.com, shivani.c@zluri.com",2026-06-24T12:50:51+00:00
shivani.c@zluri.com,,Cypherock,cypherock,,unknown,scraped,False,web:substack_atoz_50_hr,https://atozplacementkit.substack.com/p/hr-emails-of-50-companies,,2027,Summer 2027,"Cypherock - mamta.s@zluri.com, shivani.c@zluri.com",2026-06-24T12:50:51+00:00
jayesh.jain@datakalp.com,,Data kalp,datakalp,,unknown,scraped,False,web:substack_atoz_50_hr,https://atozplacementkit.substack.com/p/hr-emails-of-50-companies,,2027,Summer 2027,"Data kalp - jayesh.jain@datakalp.com, ta@datakalp.com",2026-06-24T12:50:51+00:00
ta@datakalp.com,,Data kalp,datakalp,,unknown,scraped,False,web:substack_atoz_50_hr,https://atozplacementkit.substack.com/p/hr-emails-of-50-companies,,2027,Summer 2027,"Data kalp - jayesh.jain@datakalp.com, ta@datakalp.com",2026-06-24T12:50:51+00:00
manik@datazip.io,,DataZip,datazip,,unknown,scraped,False,web:substack_atoz_50_hr,https://atozplacementkit.substack.com/p/hr-emails-of-50-companies,,2027,Summer 2027,"DataZip - piyushsingariya@datazip.io, manik@datazip.io",2026-06-24T12:50:51+00:00
piyushsingariya@datazip.io,,DataZip,datazip,,unknown,scraped,False,web:substack_atoz_50_hr,https://atozplacementkit.substack.com/p/hr-emails-of-50-companies,,2027,Summer 2027,"DataZip - piyushsingariya@datazip.io, manik@datazip.io",2026-06-24T12:50:51+00:00
saakshi.haribhat@demandfarm.com,,Demand Farm,demandfarm,,unknown,scraped,False,web:substack_atoz_50_hr,https://atozplacementkit.substack.com/p/hr-emails-of-50-companies,,2027,Summer 2027,Demand Farm - saakshi.haribhat@demandfarm.com,2026-06-24T12:50:51+00:00
rakshita@eatfit.in,,EatFit,eatfit,,unknown,scraped,False,web:substack_atoz_50_hr,https://atozplacementkit.substack.com/p/hr-emails-of-50-companies,,2027,Summer 2027,EatFit - rakshita@eatfit.in,2026-06-24T12:50:51+00:00
sanjana.roy@enpass.io,,Enpass,enpass,,unknown,scraped,False,web:substack_atoz_50_hr,https://atozplacementkit.substack.com/p/hr-emails-of-50-companies,,2027,Summer 2027,Enpass - sanjana.roy@enpass.io,2026-06-24T12:50:51+00:00
hello@flexe.com,,Flexe,flexe,For everythings,unknown,scraped,False,github:careerLauncher,https://www.flexe.com/careers,Global,2027,Summer 2027,markdown_table,2026-06-24T12:50:51+00:00
abhinavsingh.k@flipkart.com,,Flipkart,flipkart,,unknown,scraped,True,web:substack_atoz_50_hr,https://atozplacementkit.substack.com/p/hr-emails-of-50-companies,,2027,Summer 2027,"Flipkart - abhinavsingh.k@flipkart.com, anjali.verma@flipkart.com",2026-06-24T12:50:51+00:00
anjali.verma@flipkart.com,,Flipkart,flipkart,,unknown,scraped,True,web:substack_atoz_50_hr,https://atozplacementkit.substack.com/p/hr-emails-of-50-companies,,2027,Summer 2027,"Flipkart - abhinavsingh.k@flipkart.com, anjali.verma@flipkart.com",2026-06-24T12:50:51+00:00
debasmita@gameberrylabs.com,,Gameberrylabs,gameberrylabs,,unknown,scraped,False,web:substack_atoz_50_hr,https://atozplacementkit.substack.com/p/hr-emails-of-50-companies,,2027,Summer 2027,Gameberrylabs - debasmita@gameberrylabs.com,2026-06-24T12:50:51+00:00
future@groww.in,,Groww,groww,,unknown,scraped,True,web:substack_atoz_50_hr,https://atozplacementkit.substack.com/p/hr-emails-of-50-companies,,2027,Summer 2027,Groww - future@groww.in,2026-06-24T12:50:51+00:00
admin@hoppercs.com,,Hoppercs,hoppercs,For Employment,unknown,scraped,False,github:careerLauncher,https://hoppercs.com/careers/,Global,2027,Summer 2027,markdown_table,2026-06-24T12:50:51+00:00
fraudalert@huntoil.com,,Hunt Oil Company,huntoilcompany,For everythings,unknown,scraped,False,github:careerLauncher,https://demo.huntconsolidated.com/hoc/careers.aspx,Global,2027,Summer 2027,markdown_table,2026-06-24T12:50:51+00:00
team@careercircle.com,,KLA,kla,For Employment,unknown,scraped,False,github:careerLauncher,https://www.facebook.com/MyCareerCircle/,Global,2027,Summer 2027,markdown_table,2026-06-24T12:50:51+00:00
job_posting@keysight.com,,Keysight,keysight,USA,unknown,scraped,False,github:careerLauncher,https://careers.keysight.com/location-united-states,Global,2027,Summer 2027,markdown_table,2026-06-24T12:50:51+00:00
info@launchpotato.com,,Launch Potato,launchpotato,For general inquiries,unknown,scraped,False,github:careerLauncher,https://launchpotato.com/contact/careers,US,2027,Summer 2027,markdown_table,2026-06-24T12:50:51+00:00
ad@listed.fans,,Listed Fans,listedfans,,unknown,scraped,False,web:substack_atoz_50_hr,https://atozplacementkit.substack.com/p/hr-emails-of-50-companies,,2027,Summer 2027,"Listed Fans - ad@listed.fans, muskaan@listed.fans, nandita@listed.fans",2026-06-24T12:50:51+00:00
muskaan@listed.fans,,Listed Fans,listedfans,,unknown,scraped,False,web:substack_atoz_50_hr,https://atozplacementkit.substack.com/p/hr-emails-of-50-companies,,2027,Summer 2027,"Listed Fans - ad@listed.fans, muskaan@listed.fans, nandita@listed.fans",2026-06-24T12:50:51+00:00
nandita@listed.fans,,Listed Fans,listedfans,,unknown,scraped,False,web:substack_atoz_50_hr,https://atozplacementkit.substack.com/p/hr-emails-of-50-companies,,2027,Summer 2027,"Listed Fans - ad@listed.fans, muskaan@listed.fans, nandita@listed.fans",2026-06-24T12:50:51+00:00
support@medstown.com,,Medstown,medstown,,unknown,scraped,False,web:substack_atoz_50_hr,https://atozplacementkit.substack.com/p/hr-emails-of-50-companies,,2027,Summer 2027,Medstown - support@medstown.com,2026-06-24T12:50:51+00:00
ngc@myworkday.com,,Northrop Grumman,northropgrumman,For Employment,unknown,scraped,False,github:careerLauncher,https://www.northropgrumman.com/careers/early-careers-faqs,Global,2027,Summer 2027,markdown_table,2026-06-24T12:50:51+00:00
shubhi.verma@oyorooms.com,,Oyo,oyo,,unknown,scraped,True,web:substack_atoz_50_hr,https://atozplacementkit.substack.com/p/hr-emails-of-50-companies,,2027,Summer 2027,Oyo - shubhi.verma@oyorooms.com,2026-06-24T12:50:51+00:00
chinmay.kulkarni@phonepe.com,,PhonePe,phonepe,,unknown,scraped,True,web:substack_atoz_50_hr,https://atozplacementkit.substack.com/p/hr-emails-of-50-companies,,2027,Summer 2027,"PhonePe - shivani.sahraot@phonepe.com, naved.nadeem@phonepe.com, chinmay.kulkarni@phonepe.com, gowthami.bs@phonepe.com",2026-06-24T12:50:51+00:00
gowthami.bs@phonepe.com,,PhonePe,phonepe,,unknown,scraped,True,web:substack_atoz_50_hr,https://atozplacementkit.substack.com/p/hr-emails-of-50-companies,,2027,Summer 2027,"PhonePe - shivani.sahraot@phonepe.com, naved.nadeem@phonepe.com, chinmay.kulkarni@phonepe.com, gowthami.bs@phonepe.com",2026-06-24T12:50:51+00:00
naved.nadeem@phonepe.com,,PhonePe,phonepe,,unknown,scraped,True,web:substack_atoz_50_hr,https://atozplacementkit.substack.com/p/hr-emails-of-50-companies,,2027,Summer 2027,"PhonePe - shivani.sahraot@phonepe.com, naved.nadeem@phonepe.com, chinmay.kulkarni@phonepe.com, gowthami.bs@phonepe.com",2026-06-24T12:50:51+00:00
prakriti.goel@pw.live,,Physics Wallah,physicswallah,,unknown,scraped,True,web:substack_atoz_50_hr,https://atozplacementkit.substack.com/p/hr-emails-of-50-companies,,2027,Summer 2027,Physics Wallah - prakriti.goel@pw.live,2026-06-24T12:50:51+00:00
ravi.shankar@piramal.com,,Piramal,piramal,,unknown,scraped,False,web:substack_atoz_50_hr,https://atozplacementkit.substack.com/p/hr-emails-of-50-companies,,2027,Summer 2027,Piramal - ravi.shankar@piramal.com,2026-06-24T12:50:51+00:00
tateam@practo.com,,Practo,practo,,unknown,scraped,True,web:substack_atoz_50_hr,https://atozplacementkit.substack.com/p/hr-emails-of-50-companies,,2027,Summer 2027,Practo - tateam@practo.com,2026-06-24T12:50:51+00:00
aaron.kelly@matchtech.com,,Resourse Plan,resourseplan,,unknown,scraped,False,web:substack_atoz_50_hr,https://atozplacementkit.substack.com/p/hr-emails-of-50-companies,,2027,Summer 2027,Resourse Plan - aaron.kelly@matchtech.com,2026-06-24T12:50:51+00:00
info@scaleai.ca,,Scaleai AI,scaleaiai,For questions about everything,unknown,scraped,False,github:careerLauncher,https://www.scaleai.ca/about-us/contact-us/,"Montreal, QC H2S 3J9, CANADA",2027,Summer 2027,markdown_table,2026-06-24T12:50:51+00:00
feelingsuicidal@sumaitri.net,,Sumaitri,sumaitri,011-46018404 <br>+91-9315767849 <br><br> (12:30 PM to 5:00 PM),unknown,scraped,False,github:new-grad-tech-roles--india,https://github.com/new-grad-tech-roles--india,feelingsuicidal@sumaitri.net,2027,Summer 2027,markdown_table,2026-06-24T12:50:51+00:00
hello@tastemade.com,,Tastemade,tastemade,For questions about everything,unknown,scraped,False,github:careerLauncher,https://www.tastemade.com/contact,Global,2027,Summer 2027,markdown_table,2026-06-24T12:50:51+00:00
founders@textrai.com,,Textrai,textrai,,unknown,scraped,False,web:substack_atoz_50_hr,https://atozplacementkit.substack.com/p/hr-emails-of-50-companies,,2027,Summer 2027,Textrai - founders@textrai.com,2026-06-24T12:50:51+00:00
candidate.accommodations@disney.com,,The Walt Disney Company,thewaltdisneycompany,For Employment,unknown,scraped,False,github:careerLauncher,https://sites.disney.com/lifeatdisney/career-opportunities/,Global,2027,Summer 2027,markdown_table,2026-06-24T12:50:51+00:00
contact@threeway.studio,,Threeway,threeway,,unknown,scraped,False,web:substack_atoz_50_hr,https://atozplacementkit.substack.com/p/hr-emails-of-50-companies,,2027,Summer 2027,Threeway - contact@threeway.studio,2026-06-24T12:50:51+00:00
atul.nandan@cypherock.com,,Tophire,tophire,,unknown,scraped,False,web:substack_atoz_50_hr,https://atozplacementkit.substack.com/p/hr-emails-of-50-companies,,2027,Summer 2027,Tophire - atul.nandan@cypherock.com,2026-06-24T12:50:51+00:00
akbar@huntingcube.com,,Unstop,unstop,,unknown,scraped,False,web:substack_atoz_50_hr,https://atozplacementkit.substack.com/p/hr-emails-of-50-companies,,2027,Summer 2027,Unstop - Akbar@huntingcube.com,2026-06-24T12:50:51+00:00
utkarsh@usefindr.com,,Userfindr,userfindr,,unknown,scraped,False,web:substack_atoz_50_hr,https://atozplacementkit.substack.com/p/hr-emails-of-50-companies,,2027,Summer 2027,Userfindr - utkarsh@usefindr.com,2026-06-24T12:50:51+00:00
help@vandrevalafoundation.com,,Vandrevala Foundation,vandrevalafoundation,+919999666555,unknown,scraped,False,github:new-grad-tech-roles--india,https://github.com/new-grad-tech-roles--india,help@vandrevalafoundation.com,2027,Summer 2027,markdown_table,2026-06-24T12:50:51+00:00
ankita.singh@voltmoney.in,,Volt Money,voltmoney,,unknown,scraped,False,web:substack_atoz_50_hr,https://atozplacementkit.substack.com/p/hr-emails-of-50-companies,,2027,Summer 2027,"Volt Money - ankita.singh@voltmoney.in, careers@voltmoney.in",2026-06-24T12:50:51+00:00
priyanka.deshmukh@zeptonow.com,,Zepto,zepto,,unknown,scraped,True,web:substack_atoz_50_hr,https://atozplacementkit.substack.com/p/hr-emails-of-50-companies,,2027,Summer 2027,Zepto - priyanka.deshmukh@zeptonow.com,2026-06-24T12:50:51+00:00
rahul@third-unicorn.com,,Zluri,zluri,,unknown,scraped,False,web:substack_atoz_50_hr,https://atozplacementkit.substack.com/p/hr-emails-of-50-companies,,2027,Summer 2027,Zluri - rahul@third-unicorn.com,2026-06-24T12:50:51+00:00
aman.jha@zyod.com,,Zyod,zyod,,unknown,scraped,False,web:substack_atoz_50_hr,https://atozplacementkit.substack.com/p/hr-emails-of-50-companies,,2027,Summer 2027,Zyod - aman.jha@zyod.com,2026-06-24T12:50:51+00:00
icall@tiss.edu,,iCall,icall,"9152987821 <br><br> (Mon-Sat, 10am-8pm)",unknown,scraped,False,github:new-grad-tech-roles--india,https://github.com/new-grad-tech-roles--india,icall@tiss.edu,2027,Summer 2027,markdown_table,2026-06-24T12:50:51+00:00
kirondeb02@gmail.com,,,,,unknown,scraped_personal,False,github:recruiter-emailing-script,script.py,,2027,Summer 2027,"# to_email = ""kirondeb02@gmail.com""",2026-06-24T12:50:51+00:00
rohitkuyada@gmail.com,,,,,unknown,scraped_personal,False,web:devblogger_hr_500,https://www.devblogger.in/blogs/hr-email-directory-top-500-indian-companies,,2027,Summer 2027,""">Rohit Kumar Yadav</span></a></div></div></div></header></div><div><article class=""prose max-w-none prose-sm sm:prose-base lg:prose-lg prose-headings:text-gray-800 prose-p:text-gray-600 prose-a:text-blue-600 prose-strong:text-black prose-c",2026-06-24T12:50:51+00:00
tandavkrishna27@gmail.com,,,,,unknown,scraped_personal,False,web:substack_atoz_50_hr,https://atozplacementkit.substack.com/p/hr-emails-of-50-companies,,2027,Summer 2027,Antler (Singapore) - tandavkrishna27@gmail.com,2026-06-24T12:50:51+00:00
ketanjakhar29@gmail.com,,Celeb Ai,celebai,,unknown,scraped_personal,False,web:substack_atoz_50_hr,https://atozplacementkit.substack.com/p/hr-emails-of-50-companies,,2027,Summer 2027,Celeb Ai - ketanjakhar29@gmail.com,2026-06-24T12:50:51+00:00
akshatgoyal828@gmail.com,,HuntingCube,huntingcube,,unknown,scraped_personal,False,web:substack_atoz_50_hr,https://atozplacementkit.substack.com/p/hr-emails-of-50-companies,,2027,Summer 2027,HuntingCube - akshatgoyal828@gmail.com,2026-06-24T12:50:51+00:00
amruta.deshpande1610@gmail.com,,Infosys,infosys,,unknown,scraped_personal,False,web:substack_atoz_50_hr,https://atozplacementkit.substack.com/p/hr-emails-of-50-companies,,2027,Summer 2027,Infosys - amruta.deshpande1610@gmail.com,2026-06-24T12:50:51+00:00
himanshubarak@gmail.com,,Meesho,meesho,,unknown,scraped_personal,True,web:substack_atoz_50_hr,https://atozplacementkit.substack.com/p/hr-emails-of-50-companies,,2027,Summer 2027,Meesho - himanshubarak@gmail.com,2026-06-24T12:50:51+00:00
r.chandrasi1996@gmail.com,,Paypal,paypal,,unknown,scraped_personal,True,web:substack_atoz_50_hr,https://atozplacementkit.substack.com/p/hr-emails-of-50-companies,,2027,Summer 2027,Paypal - r.chandrasi1996@gmail.com,2026-06-24T12:50:51+00:00
krishcdbry@gmail.com,,Stealth,stealth,,unknown,scraped_personal,False,web:substack_atoz_50_hr,https://atozplacementkit.substack.com/p/hr-emails-of-50-companies,,2027,Summer 2027,Stealth - krishcdbry@gmail.com,2026-06-24T12:50:51+00:00
